product_id,product_name,category,segment,size,color,price,cogs,flag_loss_margin
1,BambooCraft UC-21,Streetwear,Everyday,L,orange,19529.37,16287.49458,False
2,MekongFit UC-07,Streetwear,Everyday,M,purple,4409.37,3289.39002,False
3,SaigonFlex UC-59,Streetwear,Everyday,L,white,42.90873487037344,24.500482522900096,False
4,HanoiStreet UM-36,Streetwear,Balanced,S,orange,9109.170000000002,8653.711500000001,False
5,SaigonFlex UC-97,Streetwear,Everyday,S,orange,4844.7,2618.07588,False
6,SaigonFlex UM-13,Streetwear,Balanced,S,pink,16386.067674418606,15566.764290697674,False
7,VietMotion UC-07,Streetwear,Everyday,XL,yellow,5399.825901259964,3136.7588660419133,False
8,VietMode RS-03,Outdoor,Premium,M,purple,3747.24,2006.272296,False
9,VietMode RS-10,Outdoor,Premium,S,orange,3873.24,2666.338416,False
10,MekongFit RS-06,Outdoor,Premium,L,pink,4700.352035928144,4323.853837850299,False
11,DragonWear RS-04,Outdoor,Premium,XL,black,4787.37,4096.552509,False
12,HanoiStreet UR-05,Streetwear,Standard,XL,yellow,24.11880205611212,15.539097236098918,False
13,SaigonCore UE-28,Streetwear,Performance,M,blue,6713.7,3936.91368,False
14,MekongFit UR-02,Streetwear,Standard,M,purple,4040.82,3302.966268,False
15,VietMode RP-53,Outdoor,Activewear,M,black,4524.5025,2532.36404925,False
16,HanoiStreet YY-10,GenZ,Trendy,M,yellow,1383.875492256637,862.569594323562,False
17,HanoiStreet RP-19,Outdoor,Activewear,XL,black,1763.37,1675.2015,False
18,SaigonCore YY-55,GenZ,Trendy,S,red,2319.87,1394.473857,False
19,UrbanVN RP-19,Outdoor,Activewear,S,white,36.38824646707872,20.031511281271698,False
20,PhoenixWear UE-15,Streetwear,Performance,L,orange,48.7867127569287,29.53634431880544,False
21,VietMode RP-37,Outdoor,Activewear,M,purple,70.30267143482627,44.84266837480951,False
22,SaigonFlex UE-09,Streetwear,Performance,M,black,6740.37,5806.828755,False
23,HanoiStreet UC-56,Streetwear,Everyday,M,blue,4262.353834196891,3732.117017222798,False
24,MekongFit UM-01,Streetwear,Balanced,S,white,8199.463653250774,7789.490470588234,False
25,VietMode RP-17,Outdoor,Activewear,M,purple,3680.236655518395,2233.535626234114,False
26,VietMotion UR-09,Streetwear,Standard,L,green,34.42552813113916,21.05784397046665,False
27,SaigonCore YY-22,GenZ,Trendy,XL,silver,3026.8699999999994,1800.684963,False
28,DragonWear UR-23,Streetwear,Standard,S,orange,27.271837623888736,15.966630483240037,False
29,UrbanVN UM-01,Streetwear,Balanced,L,white,7359.568083067093,5306.248587891373,False
30,DragonWear MA-07,Casual,All-weather,XL,silver,5306.9975,3533.92963525,False
31,MekongFit UR-03,Streetwear,Standard,L,green,63.622330777404414,35.57434251064229,False
32,DragonWear UE-02,Streetwear,Performance,L,white,8386.030434782608,7570.06967347826,False
33,MekongFit UC-23,Streetwear,Everyday,M,black,9335.13,8663.00064,False
34,PhoenixWear UE-03,Streetwear,Performance,L,red,5932.945301204819,4969.434984289157,False
35,VietMode MA-44,Casual,All-weather,S,pink,9126.562048192773,6083.7662613253015,False
36,VietMode RS-17,Outdoor,Premium,XL,yellow,63.52580607525507,35.497372359908915,False
37,VietMode MA-35,Casual,All-weather,XL,yellow,6504.159827586207,6178.951836206897,False
38,VietMode RS-73,Outdoor,Premium,XL,purple,42.33722319297336,25.51411545067808,False
39,BambooCraft UC-23,Streetwear,Everyday,S,white,8222.527894736842,5716.301392421053,False
40,UrbanVN RP-24,Outdoor,Activewear,M,yellow,3728.773125,2876.7484659375,False
41,MekongFit RP-54,Outdoor,Activewear,S,pink,1920.87,1074.1505039999995,False
42,HanoiStreet UR-04,Streetwear,Standard,L,pink,46.570781307914125,26.69284293338884,False
43,NamStyle YY-23,GenZ,Trendy,S,orange,3086.37,2034.843741,False
44,HanoiStreet UC-09,Streetwear,Everyday,L,green,8360.990689655173,4980.642153827586,False
45,LotusWear UE-98,Streetwear,Performance,M,silver,17.80954638992059,10.390523722361548,False
46,VietMode RP-34,Outdoor,Activewear,L,orange,5598.43156996587,3566.2009100682594,False
47,VietMotion MA-16,Casual,All-weather,L,orange,3857.993548387097,3393.105325806452,False
48,DragonWear UR-15,Streetwear,Standard,S,white,5789.7,5500.214999999999,False
49,UrbanVN UC-05,Streetwear,Everyday,L,red,6299.110953947368,5095.98076174342,False
50,MekongFit UR-06,Streetwear,Standard,M,yellow,440.37,418.3515,False
51,VietMode MP-15,Casual,Activewear,XL,silver,5983.74,5684.553,False
52,VietMode RS-23,Outdoor,Premium,M,purple,5039.37,4674.519612,False
53,UrbanVN UC-17,Streetwear,Everyday,L,orange,4066.0944094488186,3089.418532299212,False
54,DragonWear UM-25,Streetwear,Balanced,L,pink,52.6379968011183,33.92023749086405,False
55,VietMode RP-50,Outdoor,Activewear,L,pink,4912.74,4573.269666,False
56,VietMode RP-37,Outdoor,Activewear,M,purple,4695.103636363637,2763.5380003636365,False
57,DragonWear UM-09,Streetwear,Balanced,L,orange,36.33936099929246,22.64750699760115,False
58,VietMode RP-25,Outdoor,Activewear,M,blue,4346.329468531469,4129.012995104895,False
59,LotusWear UE-05,Streetwear,Performance,S,white,31.046488659482907,18.375704197914345,False
60,HanoiStreet YY-12,GenZ,Trendy,XL,black,3527.37,2848.351275,False
61,HanoiStreet UE-01,Streetwear,Performance,S,orange,20.522407754185355,12.127535551360282,False
62,MekongFit UE-18,Streetwear,Performance,L,orange,2220.567622820919,2109.539241679873,False
63,HanoiStreet MA-09,Casual,All-weather,L,orange,3720.711891891892,3306.5966583243244,False
64,PhoenixWear UM-12,Streetwear,Balanced,M,black,7559.25,6029.257799999999,False
65,VietMode RP-20,Outdoor,Activewear,S,pink,36.21790499641724,22.753484061249328,False
66,UrbanVN RP-50,Outdoor,Activewear,XL,purple,692.3085964912281,657.6931666666666,False
67,VietMotion UE-12,Streetwear,Performance,L,pink,18.441324087824835,10.163006012294185,False
68,VietMotion UE-23,Streetwear,Performance,M,yellow,27.987049096151683,17.254118409010175,False
69,DragonWear UM-20,Streetwear,Balanced,M,blue,12532.031818181818,7611.956126363636,False
70,DragonWear UM-06,Streetwear,Balanced,XL,yellow,36.605450135907525,20.8106849942608,False
71,HanoiStreet RS-08,Outdoor,Premium,S,white,1932.16809976247,1751.3171656247032,False
72,VietMode RP-67,Outdoor,Activewear,XL,purple,33.86188226912265,21.32558243305248,False
73,HanoiStreet RP-60,Outdoor,Activewear,S,orange,2645.37,1835.397459,False
74,SaigonCore UE-19,Streetwear,Performance,S,white,7238.7,5703.37173,False
75,SaigonFlex UC-95,Streetwear,Everyday,L,red,6176.85,3866.090415,False
76,VietMode MP-08,Casual,Activewear,S,red,5669.37,5385.9015,False
77,DragonWear UM-35,Streetwear,Balanced,S,pink,11844.0,9063.0288,False
78,MekongFit RP-39,Outdoor,Activewear,M,blue,711.0279925650557,525.0230697100371,False
79,MekongFit MA-10,Casual,All-weather,S,orange,2991.8146397188048,2762.641638316344,False
80,VietMode RP-34,Outdoor,Activewear,L,orange,4865.717011173184,4293.995262360335,False
81,HanoiStreet RS-17,Outdoor,Premium,M,blue,3464.37,3291.1515,False
82,VietMode RP-43,Outdoor,Activewear,XL,black,5038.74,4786.803,False
83,VietMotion YY-10,GenZ,Trendy,M,black,2015.37,1140.9009569999998,False
84,HanoiStreet RP-51,Outdoor,Activewear,XL,blue,3884.3831348511385,2371.8043421401053,False
85,PhoenixWear UM-02,Streetwear,Balanced,XL,black,6929.37,5689.01277,False
86,HanoiStreet UE-03,Streetwear,Performance,L,white,45.83327377383366,27.7385135332147,False
87,SaigonCore YY-38,GenZ,Trendy,XL,blue,1704.7910526315789,1064.982970578947,False
88,VietMode RS-16,Outdoor,Premium,L,pink,34.111613977984184,20.52738566099601,False
89,HanoiStreet RP-79,Outdoor,Activewear,XL,black,811.8865136951651,584.9642331173665,False
90,MekongStyle UC-14,Streetwear,Everyday,L,orange,14486.85,11301.191685,False
91,HanoiStreet MA-16,Casual,All-weather,M,yellow,40.76152434416071,24.15601834190016,False
92,DragonWear UM-38,Streetwear,Balanced,XL,black,9513.0,9037.35,False
93,LotusWear UE-37,Streetwear,Performance,S,green,32.658830942362144,20.310676884020182,False
94,UrbanVN UE-03,Streetwear,Performance,XL,blue,9308.546470588237,5375.685586764706,False
95,HanoiStreet UC-27,Streetwear,Everyday,S,white,3906.510139211137,2223.9762222529,False
96,DragonWear RP-21,Outdoor,Activewear,L,green,5043.402,4791.2319,False
97,MekongFit UE-04,Streetwear,Performance,S,pink,4290.57664206642,4000.104603398525,False
98,PhoenixWear UC-04,Streetwear,Everyday,L,white,5039.37,2880.503892,False
99,BambooCraft UM-03,Streetwear,Balanced,M,purple,23.25353179177501,13.33115554071414,False
100,BambooCraft UM-17,Streetwear,Balanced,XL,yellow,12504.491621621622,11879.26704054054,False
101,UrbanVN UR-27,Streetwear,Standard,S,white,37.44674567601375,23.06139796104344,False
102,UrbanVN RS-12,Outdoor,Premium,M,blue,1448.37,800.514099,False
103,UrbanVN MA-05,Casual,All-weather,S,orange,3973.690133587786,2680.6513641183205,False
104,HanoiStreet RP-66,Outdoor,Activewear,L,pink,1477.4889495225102,1174.308217080491,False
105,VietMode RP-56,Outdoor,Activewear,S,white,3275.37,2097.8744850000003,False
106,HanoiStreet UM-22,Streetwear,Balanced,L,pink,10919.37,10373.4015,False
107,SaigonFlex UC-22,Streetwear,Everyday,M,silver,10090.442604501608,7554.714377990354,False
108,MekongFit UC-27,Streetwear,Everyday,M,purple,2511.495,2353.773114,False
109,MekongStyle UC-08,Streetwear,Everyday,S,green,69.47113022348645,42.87683645159384,False
110,VietMode RS-45,Outdoor,Premium,XL,silver,5235.2741095890415,4973.510404109589,False
111,SaigonFlex UC-83,Streetwear,Everyday,L,pink,14262.4125,13549.291875,False
112,HanoiStreet UM-35,Streetwear,Balanced,XL,black,35.49075962480593,22.664320123200994,False
113,VietMode RP-39,Outdoor,Activewear,XL,silver,3892.450866141732,3697.828322834645,False
114,HanoiStreet UE-31,Streetwear,Performance,L,orange,5687.85,2991.240315,False
115,SaigonCore YY-16,GenZ,Trendy,M,black,3791.745,3602.15775,False
116,SaigonFlex UC-15,Streetwear,Everyday,L,red,6110.106266552755,5804.600953225117,False
117,UrbanVN RP-40,Outdoor,Activewear,M,purple,1070.37,1016.8515,False
118,LotusWear UR-18,Streetwear,Standard,L,green,8877.426923076924,4855.952526923077,False
119,SaigonCore YY-12,GenZ,Trendy,M,silver,2735.535137614679,2598.758380733945,False
120,VietMotion RP-47,Outdoor,Activewear,L,red,1511.37,944.455113,False
121,VietMotion UE-03,Streetwear,Performance,M,yellow,25.00757458677702,15.383210417633013,False
122,DragonWear UM-28,Streetwear,Balanced,M,black,23.84863713844093,13.21077799792784,False
123,VietMode RS-14,Outdoor,Premium,S,green,2706.4070121951218,2571.0866615853656,False
124,VietMode UE-05,Streetwear,Performance,XL,purple,5857.74,4998.409541999999,False
125,SaigonFlex UM-42,Streetwear,Balanced,M,silver,9651.796875,9169.20703125,False
126,SaigonFlex UC-57,Streetwear,Everyday,S,orange,11573.637804878048,7346.945278536587,False
127,MekongFit UR-01,Streetwear,Standard,S,white,4987.5217241379305,4154.1068440344825,False
128,VietMode RP-13,Outdoor,Activewear,M,black,5164.74,3993.893442,False
129,MekongFit RP-48,Outdoor,Activewear,L,orange,2676.87,2543.0265,False
130,LotusWear UE-10,Streetwear,Performance,M,yellow,10606.05,10075.7475,False
131,VietMode RP-84,Outdoor,Activewear,S,orange,2068.3202760736194,1296.4231490429447,False
132,MekongFit UE-16,Streetwear,Performance,S,red,6400.83170678337,3691.359645301969,False
133,SaigonFlex UM-75,Streetwear,Balanced,L,red,12524.873693181818,7330.8085726193185,False
134,VietMode RP-99,Outdoor,Activewear,XL,silver,5076.210588235294,4041.171249294117,False
135,UrbanVN UC-18,Streetwear,Everyday,XL,blue,3872.079591474245,3180.913384396092,False
136,HanoiStreet UM-12,Streetwear,Balanced,S,pink,10146.73689473684,8943.333899021052,False
137,SaigonFlex UC-07,Streetwear,Everyday,L,orange,10862.120949720673,7602.398452709498,False
138,VietMode RP-52,Outdoor,Activewear,S,red,4629.24,4397.777999999999,False
139,PhoenixWear UE-02,Streetwear,Performance,M,yellow,5228.37,4966.951499999999,False
140,SaigonFlex UM-88,Streetwear,Balanced,XL,blue,19535.011791044777,18558.261201492536,False
141,LotusWear UE-04,Streetwear,Performance,XL,blue,7286.85,6664.5530100000005,False
142,VietMotion UR-04,Streetwear,Standard,M,black,33.39484466270076,21.098752735452184,False
143,VietMode RP-00,Outdoor,Activewear,S,pink,1537.08912,1460.2346639999998,False
144,UrbanVN RP-35,Outdoor,Activewear,S,red,1177.47,615.8168099999999,False
145,VietMode RS-65,Outdoor,Premium,XL,silver,31.66046621817027,18.845317196678888,False
146,DragonWear UR-38,Streetwear,Standard,XL,silver,24.87537893001365,14.224373227866726,False
147,VietMotion UC-20,Streetwear,Everyday,S,orange,4787.37,2481.772608,False
148,DragonWear MA-13,Casual,All-weather,M,blue,5260.299999999999,4066.73793,False
149,LotusWear UE-18,Streetwear,Performance,M,silver,8483.475,6521.247232500001,False
150,VietMode UR-03,Streetwear,Standard,L,red,5353.74,4705.93746,False
151,VietMode RP-11,Outdoor,Activewear,XL,yellow,5669.15023255814,4481.46325883721,False
152,HanoiStreet MA-14,Casual,All-weather,XL,silver,37.67841650968592,21.754111030359,False
153,UrbanVN YY-02,GenZ,Trendy,L,pink,3660.198094302554,3166.0713515717093,False
154,SaigonFlex UC-35,Streetwear,Everyday,L,red,10899.88914893617,10354.894691489362,False
155,NamStyle YY-19,GenZ,Trendy,S,pink,61.5876146969055,36.29046227559733,False
156,SaigonCore MA-05,Casual,All-weather,L,red,9553.265217391305,6129.374963478261,False
157,HanoiStreet YY-09,GenZ,Trendy,S,pink,3261.76588688946,2694.218622570694,False
158,DragonWear UR-06,Streetwear,Standard,XL,purple,40.67096228171263,24.00372095766753,False
159,VietMotion RS-07,Outdoor,Premium,L,white,54.332714624212514,33.2334215994955,False
160,UrbanVN RP-55,Outdoor,Activewear,S,red,2026.0782152974505,1593.3079085099146,False
161,SaigonCore RP-13,Outdoor,Activewear,S,white,5217.507931034483,4956.632534482758,False
162,SaigonCore YY-33,GenZ,Trendy,L,pink,3592.580526315789,3074.171156368421,False
163,VietMode UE-02,Streetwear,Performance,S,orange,8188.74,4955.825448,False
164,SaigonFlex UC-18,Streetwear,Everyday,M,blue,11516.617241379312,9748.816494827586,False
165,DragonWear UC-06,Streetwear,Everyday,L,white,23.029830867355027,14.651084686631249,False
166,MekongFit RP-36,Outdoor,Activewear,L,red,4610.969999999999,4380.4215,False
167,VietMode RS-80,Outdoor,Premium,L,orange,18.06404638323212,11.510019389083768,False
168,SaigonFlex UC-60,Streetwear,Everyday,XL,purple,8975.727475247524,5284.908337425743,False
169,VietMotion UR-16,Streetwear,Standard,M,blue,20.375323878643,12.306665833397906,False
170,LotusWear UE-75,Streetwear,Performance,L,white,13924.604716981134,13228.374481132076,False
171,VietMode RP-24,Outdoor,Activewear,S,orange,5354.37,5086.6515,False
172,VietMode RP-77,Outdoor,Activewear,M,purple,4230.24,2410.813776,False
173,SaigonCore YY-51,GenZ,Trendy,S,green,1322.37,1104.311187,False
174,PhoenixWear UM-14,Streetwear,Balanced,XL,blue,7489.429322033899,5615.574105661017,False
175,UrbanVN UE-11,Streetwear,Performance,XL,black,9008.37,6208.568604000001,False
176,VietMotion RS-03,Outdoor,Premium,L,red,3778.7642307692304,3589.826019230769,False
177,LotusWear UR-16,Streetwear,Standard,S,white,7556.85,7036.183035,False
178,VietMode RS-19,Outdoor,Premium,M,black,16.754167348605755,9.270421085851618,False
179,SaigonFlex UM-08,Streetwear,Balanced,XL,blue,21108.804545454543,18867.04950272728,False
180,NamStyle YY-26,GenZ,Trendy,XL,purple,3144.3963157894736,2987.1765,False
181,VietMode RP-33,Outdoor,Activewear,M,black,5598.43156996587,3174.870543327645,False
182,DragonWear UE-09,Streetwear,Performance,M,black,8498.7,8073.765,False
183,UrbanVN UC-30,Streetwear,Everyday,XL,purple,50.54423484959421,32.32978997882029,False
184,VietMode RP-97,Outdoor,Activewear,M,purple,4692.24,4457.628,False
185,UrbanVN UR-35,Streetwear,Standard,S,orange,44.65281905454065,27.673457177359808,False
186,VietMode RS-83,Outdoor,Premium,M,purple,5039.37,2724.283422,False
187,DragonWear UM-39,Streetwear,Balanced,S,orange,30.019427445814017,19.258928547891312,False
188,SaigonFlex UM-14,Streetwear,Balanced,M,yellow,20.19065181083324,12.956974396309146,False
189,UrbanVN UE-21,Streetwear,Performance,M,black,4375.115247148289,4156.359484790874,False
190,VietMotion UE-11,Streetwear,Performance,M,silver,5033.7,3153.61305,False
191,HanoiStreet UR-36,Streetwear,Standard,L,red,29.93333491389395,18.23820116798559,False
192,PhoenixWear UE-14,Streetwear,Performance,M,black,6821.850000000001,5840.86797,False
193,HanoiStreet UR-31,Streetwear,Standard,M,purple,45.14383029070082,25.52385172770945,False
194,SaigonFlex UC-84,Streetwear,Everyday,XL,yellow,6949.759090909091,6509.61927,False
195,SaigonCore YY-17,GenZ,Trendy,L,orange,4346.37,2195.351487,False
196,LotusWear UR-20,Streetwear,Standard,S,pink,6826.622727272727,5780.784125454546,False
197,DragonWear MA-25,Casual,All-weather,M,purple,36.50593625897967,22.20353271354441,False
198,VietMotion MA-01,Casual,All-weather,XL,silver,78.35681785939418,46.38509951496604,False
199,IndigoViet UM-02,Streetwear,Balanced,S,red,14491.708235294118,8826.899486117647,False
200,VietMode UE-14,Streetwear,Performance,S,white,5416.74,3482.422146,False
201,VietMode RP-64,Outdoor,Activewear,S,orange,3202.949302325581,2647.237598372093,False
202,UrbanVN MA-13,Casual,All-weather,S,red,3366.602972136223,3198.272823529412,False
203,PhoenixWear UE-16,Streetwear,Performance,XL,blue,8504.37,7320.561696000001,False
204,HanoiStreet RP-16,Outdoor,Activewear,S,pink,818.37,554.363838,False
205,NamStyle YY-15,GenZ,Trendy,S,white,1637.37,870.9171029999999,False
206,DragonWear UR-35,Streetwear,Standard,S,white,6815.393617021276,3720.523375531915,False
207,VietMode RS-76,Outdoor,Premium,L,pink,26.302729149478207,14.62524348409405,False
208,VietMode RP-23,Outdoor,Activewear,XL,black,5354.37,2882.257371,False
209,UrbanVN UE-02,Streetwear,Performance,L,orange,7307.37,5269.344507,False
210,PhoenixWear UC-02,Streetwear,Everyday,S,orange,16.359093790389007,9.137385792326617,False
211,DragonWear UR-39,Streetwear,Standard,S,pink,43.45991850151962,28.03147873924418,False
212,VietMode RP-80,Outdoor,Activewear,S,pink,4471.74,4248.152999999999,False
213,UrbanVN RP-43,Outdoor,Activewear,S,pink,2865.87,2722.5765,False
214,MekongFit RP-10,Outdoor,Activewear,S,white,1960.245,1605.832704,False
215,MekongFit RP-19,Outdoor,Activewear,M,blue,2834.37,2692.6515,False
216,VietMode RP-02,Outdoor,Activewear,L,red,3195.99,1813.724325,False
217,SaigonFlex UM-05,Streetwear,Balanced,S,red,9886.802879868348,7227.252905183763,False
218,MekongFit RP-11,Outdoor,Activewear,M,purple,3731.974912998976,2473.179774844422,False
219,UrbanVN YY-05,GenZ,Trendy,M,black,42.8690611240214,25.637871787463048,False
220,SaigonCore UE-16,Streetwear,Performance,M,black,6970.45695652174,6092.876425695652,False
221,MekongFit UC-06,Streetwear,Everyday,S,white,4808.37,4567.9515,False
222,SaigonFlex UC-28,Streetwear,Everyday,XL,blue,9445.094755700327,8972.84001791531,False
223,SaigonFlex UC-32,Streetwear,Everyday,XL,silver,10134.776887966806,8711.854212896265,False
224,SaigonCore UE-07,Streetwear,Performance,S,orange,7868.7,5265.73404,False
225,DragonWear RS-03,Outdoor,Premium,L,red,5039.37,3891.401514,False
226,VietMode RP-94,Outdoor,Activewear,L,orange,4400.339999999999,2938.107018,False
227,VietMotion RP-13,Outdoor,Activewear,S,green,24.40276236039929,14.024831413896305,False
228,DragonWear RP-20,Outdoor,Activewear,M,purple,3779.37,3427.132716,False
229,LotusWear UM-01,Streetwear,Balanced,XL,blue,10136.85,5587.4317200000005,False
230,HanoiStreet UM-06,Streetwear,Balanced,L,orange,4674.7290361445785,4440.992584337349,False
231,DragonWear UM-16,Streetwear,Balanced,M,yellow,10073.7,6682.89258,False
232,SaigonFlex UC-91,Streetwear,Everyday,L,green,17013.896946107783,16163.202098802392,False
233,DragonWear MA-08,Casual,All-weather,S,pink,5353.448367952522,3709.404374154303,False
234,VietMode RP-71,Outdoor,Activewear,XL,yellow,3967.74,3426.5402640000007,False
235,LotusWear RP-05,Outdoor,Activewear,M,silver,38.77519960989875,23.59608301764526,False
236,MekongFit RP-30,Outdoor,Activewear,S,white,22.12626746115412,12.439630765339205,False
237,MekongFit UM-10,Streetwear,Balanced,M,blue,7748.37,4407.272856,False
238,HanoiStreet UM-32,Streetwear,Balanced,S,pink,36.07634897741269,20.99193459089709,False
239,VietMode RS-09,Outdoor,Premium,XL,black,29.73239720311884,18.016788156878903,False
240,UrbanVN UE-08,Streetwear,Performance,S,pink,59.80908771546647,38.78261788080608,False
241,VietMotion RP-23,Outdoor,Activewear,L,green,3905.37,3541.780053,False
242,VietMotion UM-08,Streetwear,Balanced,M,blue,9638.37,9156.4515,False
243,VietMotion RP-29,Outdoor,Activewear,S,orange,32.25161374327551,20.86489873659447,False
244,VietMode RP-47,Outdoor,Activewear,XL,purple,3716.37,2789.878959,False
245,LotusWear UE-39,Streetwear,Performance,L,pink,10553.85,5995.642185,False
246,NamStyle YY-02,GenZ,Trendy,XL,black,2834.37,1825.901154,False
247,DragonWear UM-32,Streetwear,Balanced,M,purple,46.008403472897605,26.13542024368129,False
248,VietMotion YY-03,GenZ,Trendy,L,white,1618.174864864865,1252.4673454054057,False
249,HanoiStreet RP-64,Outdoor,Activewear,S,green,44.72599379848069,25.661732716905963,False
250,DragonWear UE-11,Streetwear,Performance,XL,blue,9191.446033810143,8731.873732119637,False
251,SaigonFlex UC-52,Streetwear,Everyday,XL,silver,5610.653125000001,4180.4976434375,False
252,VietMode MA-16,Casual,All-weather,S,red,5373.012857142858,5104.362214285715,False
253,VietMode RP-29,Outdoor,Activewear,M,silver,30.01516561307629,18.319602034123964,False
254,UrbanVN UR-43,Streetwear,Standard,S,red,26.137509924695955,16.67800727967642,False
255,LotusWear UE-14,Streetwear,Performance,M,blue,8405.192465753425,6159.3250389041095,False
256,UrbanVN RS-04,Outdoor,Premium,M,purple,1920.87,1824.8265,False
257,HanoiStreet RP-77,Outdoor,Activewear,M,yellow,2708.37,2535.305157,False
258,SaigonCore YY-48,GenZ,Trendy,M,blue,4462.208709677419,4239.098274193549,False
259,HanoiStreet UR-24,Streetwear,Standard,L,pink,18.03387644120589,11.712836517062742,False
260,VietMode RP-15,Outdoor,Activewear,XL,blue,29.72683062013232,18.408714277566283,False
261,BambooCraft UC-10,Streetwear,Everyday,XL,black,8630.37,5459.572062000001,False
262,BambooCraft UC-16,Streetwear,Everyday,M,silver,8661.21827586207,4709.104376586208,False
263,SaigonCore UE-13,Streetwear,Performance,L,pink,8251.727142857142,4414.674021428571,False
264,HanoiStreet RP-84,Outdoor,Activewear,S,green,3338.27,3052.8479150000003,False
265,LotusWear UC-02,Streetwear,Everyday,S,pink,12720.344318181818,12084.327102272728,False
266,VietMotion UR-25,Streetwear,Standard,L,orange,48.91322908687154,27.403684178663447,False
267,UrbanVN RP-27,Outdoor,Activewear,S,orange,18.33048464860911,11.253304377609716,False
268,SaigonCore UM-01,Streetwear,Balanced,M,yellow,7101.188181818181,6343.491402818181,False
269,LotusWear UE-30,Streetwear,Performance,M,yellow,40950.0,30319.38,False
270,SaigonFlex UM-09,Streetwear,Balanced,S,white,22378.448212290503,17936.326242150837,False
271,MekongFit UE-25,Streetwear,Performance,M,yellow,2618.91,2284.475193,False
272,VietMode RP-08,Outdoor,Activewear,S,green,34.10101628332273,21.127172809812297,False
273,SaigonCore UC-05,Streetwear,Everyday,XL,yellow,9443.7,8971.515,False
274,VietMotion UR-07,Streetwear,Standard,S,white,37.70024303539459,20.75920856103877,False
275,SaigonFlex UE-22,Streetwear,Performance,L,white,6526.873255813954,5059.632147906977,False
276,SaigonFlex UM-18,Streetwear,Balanced,M,blue,14675.85,10280.432925,False
277,SaigonFlex UM-00,Streetwear,Balanced,XL,purple,8656.966557377049,6242.53858452459,False
278,SaigonFlex UC-75,Streetwear,Everyday,L,red,11122.506,9587.600172,False
279,VietMode RP-45,Outdoor,Activewear,M,blue,11.259872989175507,6.890468405455395,False
280,DragonWear MA-10,Casual,All-weather,L,red,8183.699999999999,7774.5149999999985,False
281,HanoiStreet UR-20,Streetwear,Standard,L,white,77.39037963933177,49.4043613173527,False
282,VietMode MP-20,Casual,Activewear,S,orange,5164.74,2973.857292,False
283,MekongFit UR-12,Streetwear,Standard,XL,purple,5890.312702702703,5044.463798594595,False
284,HanoiStreet UE-05,Streetwear,Performance,S,green,11024.37,7005.987135000001,False
285,HanoiStreet UE-15,Streetwear,Performance,L,green,5178.670998573467,4255.831826627675,False
286,HanoiStreet RS-20,Outdoor,Premium,S,green,4614.077052476704,3811.689053051005,False
287,UrbanVN UE-04,Streetwear,Performance,S,white,4691.61,4457.0295,False
288,SaigonFlex UM-46,Streetwear,Balanced,M,black,24.20837585679796,14.981117116583182,False
289,MekongFit RP-58,Outdoor,Activewear,S,orange,1422.8740268456374,1014.2246063355705,False
290,UrbanVN UR-18,Streetwear,Standard,XL,purple,4382.413269230769,3917.000980038461,False
291,UrbanVN UC-23,Streetwear,Everyday,S,pink,7055.37,6285.629133,False
292,VietMode MA-19,Casual,All-weather,XL,blue,23.464445533817567,14.611706946740496,False
293,SaigonFlex UM-64,Streetwear,Balanced,XL,yellow,12111.791176470588,8626.017675882353,False
294,VietMotion MA-17,Casual,All-weather,XL,blue,10199.7,8504.50986,False
295,BambooCraft UM-10,Streetwear,Balanced,S,orange,15214.602558139535,10097.93171783721,False
296,BambooCraft UM-14,Streetwear,Balanced,S,green,17668.006363636363,16784.606045454544,False
297,DragonWear RP-14,Outdoor,Activewear,XL,yellow,4325.34375,3585.70996875,False
298,MekongFit UE-31,Streetwear,Performance,XL,purple,3527.37,2364.748848,False
299,MekongFit UE-23,Streetwear,Performance,XL,silver,5444.799864253394,5172.559871040724,False
300,VietMode RP-01,Outdoor,Activewear,M,yellow,22.090734117325905,12.866937691187092,False
301,PhoenixWear UC-10,Streetwear,Everyday,S,red,5147.283148371532,4889.918990952955,False
302,DragonWear UM-36,Streetwear,Balanced,M,yellow,14767.077006507592,14028.723156182212,False
303,SaigonFlex UM-63,Streetwear,Balanced,L,pink,21423.246923076924,16733.698171615386,False
304,NamStyle YY-01,GenZ,Trendy,L,red,1889.37,1538.5139909999998,False
305,VietMode RP-54,Outdoor,Activewear,L,orange,4524.5025,4298.277375,False
306,HanoiStreet UE-29,Streetwear,Performance,S,red,61.92088131636448,39.00925896137887,False
307,MekongFit UM-11,Streetwear,Balanced,L,white,11011.57028818444,8816.96432974928,False
308,VietMode MP-22,Casual,Activewear,L,white,5353.74,5086.053,False
309,SaigonFlex UM-66,Streetwear,Balanced,M,black,13863.650487804878,13170.467963414634,False
310,VietMotion UC-10,Streetwear,Everyday,L,orange,25.26022943649214,14.351436261898485,False
311,VietMotion UR-24,Streetwear,Standard,M,black,25.257807488581232,16.24589276501159,False
312,DragonWear RS-06,Outdoor,Premium,M,blue,3882.460909090909,3688.337863636363,False
313,VietMode RS-60,Outdoor,Premium,L,orange,72.66719561257034,40.54912970828431,False
314,DragonWear UR-29,Streetwear,Standard,L,pink,17.372937016254994,9.586167633175872,False
315,DragonWear MA-26,Casual,All-weather,L,green,9437.143228498076,8226.35775228177,False
316,SaigonFlex UC-42,Streetwear,Everyday,M,silver,36.480756727820456,21.977431584878826,False
317,VietMode RP-07,Outdoor,Activewear,XL,purple,4409.278125,2546.799045,False
318,NamStyle YY-25,GenZ,Trendy,L,white,1321.5873913043476,1255.5080217391303,False
319,MekongFit UC-01,Streetwear,Everyday,XL,yellow,1637.37,1262.248533,False
320,LotusWear UM-06,Streetwear,Balanced,S,pink,7714.35,4099.40559,False
321,VietMotion YY-21,GenZ,Trendy,S,orange,1233.091907284768,836.5295499019866,False
322,DragonWear MA-18,Casual,All-weather,L,pink,4712.703333333333,3098.131171333333,False
323,SaigonCore UC-07,Streetwear,Everyday,M,black,9474.183870967743,7096.16371935484,False
324,DragonWear UC-05,Streetwear,Everyday,M,blue,9191.7,7248.57462,False
325,SaigonFlex UC-13,Streetwear,Everyday,S,pink,10560.816,10032.7752,False
326,UrbanVN UR-11,Streetwear,Standard,S,pink,15.167650149235683,8.457680206310576,False
327,PhoenixWear UE-09,Streetwear,Performance,S,green,26.79180128450725,15.05096706786181,False
328,UrbanVN RP-08,Outdoor,Activewear,M,blue,5291.37,3064.232367,False
329,VietMotion RS-05,Outdoor,Premium,S,orange,56.91443215555931,31.488058589151063,False
330,HanoiStreet RP-01,Outdoor,Activewear,M,blue,1952.0120454545447,1681.8535783636362,False
331,LotusWear UE-45,Streetwear,Performance,S,white,13905.652816901407,7827.491970633802,False
332,SaigonFlex UC-38,Streetwear,Everyday,M,blue,3743.690322580645,2813.7576464516133,False
333,LotusWear UE-41,Streetwear,Performance,S,red,52.30694353353064,31.731508497155808,False
334,LotusWear UR-24,Streetwear,Standard,S,orange,7556.85,4964.094765,False
335,VietMotion UR-15,Streetwear,Standard,S,orange,22.14458611437045,13.583501751832884,False
336,SaigonFlex UC-35,Streetwear,Everyday,L,red,6934.761627906977,6364.030745930232,False
337,SaigonFlex UM-52,Streetwear,Balanced,XL,silver,18516.81586715867,14254.244854538743,False
338,UrbanVN RP-03,Outdoor,Activewear,S,pink,37.741902504944775,20.9149502570328,False
339,HanoiStreet RP-46,Outdoor,Activewear,L,pink,890.4549377123442,845.9321908267269,False
340,HanoiStreet RP-04,Outdoor,Activewear,S,green,1855.6303211009167,1762.8488050458714,False
341,UrbanVN MA-10,Casual,All-weather,M,silver,34.43489498797168,21.192994736606497,False
342,VietMode MP-23,Casual,Activewear,XL,purple,29.73856010572593,16.43246386967123,False
343,DragonWear UE-05,Streetwear,Performance,M,silver,9443.35,8471.629284999999,False
344,UrbanVN RP-22,Outdoor,Activewear,XL,silver,3369.87,2821.255164,False
345,UrbanVN UR-34,Streetwear,Standard,XL,black,26.46776517089512,16.772658065996215,False
346,HanoiStreet MA-12,Casual,All-weather,M,purple,29.504315607680223,17.54297900214996,False
347,VietMode RP-79,Outdoor,Activewear,XL,silver,4471.74,4248.152999999999,False
348,VietMotion RP-37,Outdoor,Activewear,S,red,1070.2073493975904,1005.3527840240964,False
349,PhoenixWear UC-07,Streetwear,Everyday,M,silver,7876.33875,5431.523202,False
350,MekongFit RP-49,Outdoor,Activewear,XL,blue,1792.7023572474377,1145.8953467525623,False
351,SaigonFlex RS-02,Outdoor,Premium,XL,purple,4595.85,3068.649045,False
352,PhoenixWear UR-03,Streetwear,Standard,XL,silver,5036.85,4118.12856,False
353,UrbanVN RS-06,Outdoor,Premium,XL,silver,1972.5575,1723.42348775,False
354,VietMode RP-04,Outdoor,Activewear,S,orange,37.84371220778986,22.49335727343501,False
355,HanoiStreet UC-37,Streetwear,Everyday,L,white,8151.269169550173,6372.662236754326,False
356,DragonWear MA-37,Casual,All-weather,M,silver,5449.5,5177.025,False
357,SaigonFlex UM-83,Streetwear,Balanced,L,pink,17103.87,10599.268238999995,False
358,HanoiStreet UE-38,Streetwear,Performance,M,yellow,34.288801956462315,19.78010355266784,False
359,BambooCraft UC-18,Streetwear,Everyday,XL,yellow,11430.57895522388,10859.050007462683,False
360,MekongFit RP-15,Outdoor,Activewear,M,yellow,1889.37,1137.589677,False
361,VietMode RP-29,Outdoor,Activewear,M,silver,46.891778803111855,29.86492837502126,False
362,VietMotion UR-20,Streetwear,Standard,M,silver,42.57802195970135,25.72251810512813,False
363,SaigonFlex UM-98,Streetwear,Balanced,M,blue,11636.1,11054.295,False
364,SaigonCore UE-15,Streetwear,Performance,S,red,17143.7,14587.57433,False
365,HanoiStreet YY-23,GenZ,Trendy,L,orange,1889.37,1779.7865399999998,False
366,UrbanVN UC-20,Streetwear,Everyday,M,purple,8000.37,7600.3515,False
367,NamStyle YY-28,GenZ,Trendy,M,silver,2204.37,1660.3314839999998,False
368,UrbanVN UC-22,Streetwear,Everyday,XL,silver,8712.525405405406,7795.096480216216,False
369,LotusWear UE-88,Streetwear,Performance,XL,silver,9257.85,8448.71391,False
370,SaigonCore MA-02,Casual,All-weather,XL,silver,10073.7,7977.363029999999,False
371,VietMode MP-10,Casual,Activewear,L,orange,4786.74,3972.515526,False
372,SaigonFlex UC-58,Streetwear,Everyday,M,blue,22.084313317745423,12.489209747825754,False
373,HanoiStreet UC-53,Streetwear,Everyday,L,red,5403.094003466204,3895.0904670987866,False
374,SaigonCore UM-06,Streetwear,Balanced,L,white,38.63377724114878,23.627889604957712,False
375,HanoiStreet UE-18,Streetwear,Performance,M,yellow,2910.238085106382,1759.82097006383,False
376,LotusWear UE-71,Streetwear,Performance,L,red,6949.759090909091,6602.271136363636,False
377,MekongFit UC-29,Streetwear,Everyday,XL,silver,3803.996185958254,3196.497995060721,False
378,HanoiStreet UE-30,Streetwear,Performance,M,black,6299.37,5324.227524,False
379,HanoiStreet RP-07,Outdoor,Activewear,XL,yellow,1259.37,981.552978,False
380,SaigonCore RP-04,Outdoor,Activewear,XL,purple,5398.47,3275.791596,False
381,MekongFit RP-09,Outdoor,Activewear,XL,blue,1960.245,1862.23275,False
382,VietMode RP-65,Outdoor,Activewear,M,blue,3841.74,3307.73814,False
383,MekongStyle UC-13,Streetwear,Everyday,M,black,11954.96320754717,6095.835739528302,False
384,VietMode MA-14,Casual,All-weather,L,pink,9764.37,6568.491699,False
385,DragonWear MA-02,Casual,All-weather,L,orange,39.062877119540296,22.660232699057364,False
386,HanoiStreet YY-25,GenZ,Trendy,S,white,55.2059495268955,32.876358297176104,False
387,HanoiStreet UE-22,Streetwear,Performance,M,blue,4566.493505976096,2456.77350621514,False
388,VietMode RS-04,Outdoor,Premium,L,green,2847.5427272727275,2029.158947454545,False
389,UrbanVN RS-08,Outdoor,Premium,M,yellow,4632.0645129469785,4400.4612872996295,False
390,NamStyle YY-27,GenZ,Trendy,S,green,4283.37,4069.2015,False
391,HanoiStreet RP-12,Outdoor,Activewear,S,white,41.479017404980375,25.821757084684688,False
392,PhoenixWear UE-20,Streetwear,Performance,XL,silver,6928.53,6582.103499999999,False
393,SaigonFlex UC-18,Streetwear,Everyday,M,blue,10584.532361623616,10055.305743542434,False
394,SaigonFlex UM-16,Streetwear,Balanced,XL,black,22.925052456218573,14.278155394319832,False
395,SaigonFlex UM-01,Streetwear,Balanced,S,green,11028.42869470343,10091.01225565364,False
396,HanoiStreet UE-10,Streetwear,Performance,M,black,4913.37,3388.259952,False
397,DragonWear UR-18,Streetwear,Standard,XL,silver,44.86184643545983,27.9829459342423,False
398,UrbanVN RP-12,Outdoor,Activewear,M,silver,3441.0957085020245,3269.040923076924,False
399,VietMode RP-86,Outdoor,Activewear,L,white,4564.0675862068965,3732.950878758621,False
400,IndigoViet UM-07,Streetwear,Balanced,M,purple,12837.05181818182,7742.025951545455,False
401,VietMode RP-02,Outdoor,Activewear,L,red,1233.54,706.9417740000001,False
402,VietMode MA-22,Casual,All-weather,L,green,8311.691612903225,6208.83363483871,False
403,HanoiStreet UR-06,Streetwear,Standard,S,red,7496.37,4533.054939,False
404,BambooCraft UC-25,Streetwear,Everyday,L,green,8808.87,7972.027350000001,False
405,VietMode MA-20,Casual,All-weather,S,white,60.9010021903396,38.01870835212474,False
406,VietMotion RP-61,Outdoor,Activewear,S,white,41.7136682497843,24.73990745888133,False
407,SaigonFlex UM-57,Streetwear,Balanced,S,orange,13107.434516129031,7168.455936870969,False
408,HanoiStreet UR-37,Streetwear,Standard,XL,black,20.10335521420072,12.223013276912614,False
409,BambooCraft UM-07,Streetwear,Balanced,M,yellow,11339.37,7381.929870000001,False
410,SaigonCore RP-11,Outdoor,Activewear,L,orange,3464.37,2540.422521,False
411,NamStyle YY-09,GenZ,Trendy,L,pink,1898.7033333333327,1803.7681666666665,False
412,LotusWear UE-50,Streetwear,Performance,M,yellow,45.4409090092245,28.00828205880248,False
413,HanoiStreet UR-14,Streetwear,Standard,S,pink,27.385724542743347,15.665965957215796,False
414,VietMode RP-32,Outdoor,Activewear,S,red,2933.641534090909,2571.336804630682,False
415,SaigonFlex UC-43,Streetwear,Everyday,L,pink,9414.213956043955,6648.317895758242,False
416,VietMode RP-23,Outdoor,Activewear,XL,black,4093.74,2673.21222,False
417,SaigonFlex UC-02,Streetwear,Everyday,M,silver,10938.358303886926,8362.374923321555,False
418,MekongFit UC-11,Streetwear,Everyday,M,yellow,20.32115659247737,11.539459529498265,False
419,UrbanVN UE-25,Streetwear,Performance,M,purple,47.75868079133171,26.35510588030915,False
420,SaigonFlex UC-57,Streetwear,Everyday,S,orange,3023.37,1991.191482,False
421,HanoiStreet UC-02,Streetwear,Everyday,XL,yellow,4494.106487018096,4269.401162667191,False
422,DragonWear MA-36,Casual,All-weather,S,green,5604.936206896552,3526.0653677586206,False
423,HanoiStreet UE-41,Streetwear,Performance,S,orange,29.38243538174741,17.75179269124272,False
424,MekongFit RP-22,Outdoor,Activewear,S,green,3114.1088059701488,2258.663116970149,False
425,DragonWear RP-07,Outdoor,Activewear,S,orange,4094.37,3531.803562,False
426,MekongFit UM-15,Streetwear,Balanced,L,pink,2691.99,1457.981784,False
427,HanoiStreet RP-76,Outdoor,Activewear,S,pink,3820.797597955707,2436.1405484565585,False
428,MekongFit RP-35,Outdoor,Activewear,M,yellow,4610.969999999999,2548.022022,False
429,VietMode RP-55,Outdoor,Activewear,XL,blue,3275.37,2244.283524,False
430,HanoiStreet UC-47,Streetwear,Everyday,S,white,34.617835837670064,19.5803762088434,False
431,VietMode RS-28,Outdoor,Premium,L,red,5246.28743119266,4392.716466137615,False
432,DragonWear UR-36,Streetwear,Standard,M,purple,8309.284615384617,7893.820384615386,False
433,NamStyle YY-07,GenZ,Trendy,S,green,2204.37,2094.1515,False
434,SaigonFlex UC-27,Streetwear,Everyday,L,orange,11109.750837988828,10554.263296089386,False
435,LotusWear UR-33,Streetwear,Standard,M,black,9446.85,5966.63046,False
436,HanoiStreet MA-06,Casual,All-weather,XL,yellow,2843.993622047244,1924.53048403937,False
437,VietMode RS-05,Outdoor,Premium,XL,silver,4426.664117647058,3156.6541822941176,False
438,SaigonFlex UC-55,Streetwear,Everyday,L,red,10658.332964467008,10125.416316243656,False
439,VietMode RP-19,Outdoor,Activewear,XL,silver,40.14121824045173,25.57298046060988,False
440,HanoiStreet UC-62,Streetwear,Everyday,XL,yellow,9245.030869565218,5388.9284938695655,False
441,VietMode MP-09,Casual,Activewear,M,black,4786.74,4467.943116,False
442,NamStyle YY-24,GenZ,Trendy,M,blue,1353.87,1286.1764999999998,False
443,BambooCraft UC-03,Streetwear,Everyday,S,white,10289.225985037408,8385.719177805486,False
444,VietMode MA-11,Casual,All-weather,XL,purple,9196.74,8009.440866,False
445,LotusWear UR-13,Streetwear,Standard,M,black,5036.85,3089.60379,False
446,HanoiStreet RP-81,Outdoor,Activewear,M,blue,1012.756364088948,643.5053937421175,False
447,VietMode MA-42,Casual,All-weather,L,green,10583.37,8359.803963,False
448,VietMotion MA-12,Casual,All-weather,L,pink,26.05586643333778,14.929893188018678,False
449,DragonWear RP-18,Outdoor,Activewear,XL,blue,4800.533684210526,4293.117273789474,False
450,UrbanVN UR-32,Streetwear,Standard,M,yellow,2519.37,2246.270292,False
451,VietMode RP-06,Outdoor,Activewear,L,white,4678.334594594594,4444.417864864864,False
452,HanoiStreet UC-04,Streetwear,Everyday,M,black,11339.37,9661.14324,False
453,SaigonFlex UC-38,Streetwear,Everyday,M,blue,27.486860722153324,16.36372210394695,False
454,SaigonCore RS-01,Outdoor,Premium,L,green,23.11852239383696,14.72331573262907,False
455,SaigonFlex UC-03,Streetwear,Everyday,L,pink,12105.45,11500.1775,False
456,DragonWear UR-22,Streetwear,Standard,XL,black,30.12250471383129,16.90015329196289,False
457,SaigonFlex UM-01,Streetwear,Balanced,S,green,11338.433980634749,10771.51228160301,False
458,SaigonFlex UE-15,Streetwear,Performance,XL,silver,6485.85,5394.2814450000005,False
459,LotusWear UR-12,Streetwear,Standard,S,red,5537.754000000001,5115.2233698,False
460,SaigonCore UE-29,Streetwear,Performance,L,white,38.20036339802935,24.19966371468973,False
461,HanoiStreet UM-01,Streetwear,Balanced,M,silver,4913.37,3947.892795,False
462,UrbanVN RP-06,Outdoor,Activewear,XL,black,13.67467902538131,8.840842303475455,False
463,VietMode RS-43,Outdoor,Premium,M,purple,5118.753298429319,4862.815633507853,False
464,MekongFit UE-33,Streetwear,Performance,M,silver,5291.37,3505.003488,False
465,LotusWear UE-31,Streetwear,Performance,L,red,11336.85,10173.68919,False
466,VietMode RP-87,Outdoor,Activewear,XL,purple,4629.24,3204.359928,False
467,VietMode RP-10,Outdoor,Activewear,L,pink,3778.74,2748.277602,False
468,IndigoViet UM-04,Streetwear,Balanced,L,orange,16231.71508474576,15420.129330508473,False
469,PhoenixWear UR-14,Streetwear,Standard,L,pink,5385.87,4297.92426,False
470,SaigonFlex UE-05,Streetwear,Performance,M,silver,8186.85,6897.421125000001,False
471,VietMode RS-61,Outdoor,Premium,XL,blue,33.585869260565445,21.47754761557352,False
472,HanoiStreet MA-10,Casual,All-weather,XL,blue,22.17550395365064,13.904944448459702,False
473,VietMotion UC-12,Streetwear,Everyday,S,white,42.29506935456758,25.72826647079302,False
474,HanoiStreet YY-18,GenZ,Trendy,M,silver,3407.941498530852,1959.907155805093,False
475,LotusWear UE-64,Streetwear,Performance,XL,blue,58.03914660691861,36.17331656881759,False
476,VietMode RP-70,Outdoor,Activewear,L,pink,4030.7399999999993,3829.202999999999,False
477,VietMotion YY-07,GenZ,Trendy,L,pink,43.57225453874576,28.26385136207968,False
478,VietMotion RS-06,Outdoor,Premium,M,blue,31.632468013791154,20.31072641674495,False
479,SaigonFlex UC-17,Streetwear,Everyday,S,orange,11588.85,11009.4075,False
480,SaigonFlex UC-09,Streetwear,Everyday,S,white,10607.752256033578,8623.041808929696,False
481,SaigonFlex UC-72,Streetwear,Everyday,XL,silver,11408.04,7676.470116,False
482,VietMode RP-58,Outdoor,Activewear,L,green,2802.24,1524.138336,False
483,UrbanVN YY-04,GenZ,Trendy,S,red,4801.846595744681,2893.1125739361705,False
484,PhoenixWear UE-21,Streetwear,Performance,S,pink,5039.37,4227.527493,False
485,MekongFit RP-05,Outdoor,Activewear,XL,yellow,1979.360663900415,1058.3641469875515,False
486,LotusWear UE-74,Streetwear,Performance,M,blue,20786.85,15267.941325,False
487,HanoiStreet MA-18,Casual,All-weather,XL,black,2900.2151612903226,2181.5418443225803,False
488,MekongFit UE-03,Streetwear,Performance,XL,silver,3123.1200000000003,1696.166472,False
489,IndigoViet UM-03,Streetwear,Balanced,M,black,18386.83451612903,15661.90564083871,False
490,VietMotion RS-01,Outdoor,Premium,S,pink,27.44900004772441,16.815862190083102,False
491,UrbanVN UR-36,Streetwear,Standard,M,blue,42.2729797847311,26.125296591141566,False
492,SaigonFlex UM-80,Streetwear,Balanced,XL,purple,12606.228520360584,10040.861016467206,False
493,SaigonCore UE-17,Streetwear,Performance,L,orange,6087.37,3511.803753,False
494,BambooCraft UM-16,Streetwear,Balanced,L,pink,9708.284634146345,7207.430512390245,False
495,HanoiStreet UE-36,Streetwear,Performance,XL,silver,5860.36417215682,5567.345963548979,False
496,SaigonFlex UC-47,Streetwear,Everyday,L,orange,11641.827272727272,11059.735909090909,False
497,SaigonCore YY-31,GenZ,Trendy,S,green,1705.576611570248,1041.766194347107,False
498,UrbanVN MA-17,Casual,All-weather,S,white,4242.385846538782,4030.266554211843,False
499,MekongFit UC-22,Streetwear,Everyday,S,red,7693.690754716981,5870.286045849057,False
500,SaigonFlex UM-97,Streetwear,Balanced,S,orange,11054.693628318582,9357.79815637168,False
501,NamStyle UC-01,Streetwear,Everyday,M,yellow,2708.37,1355.268348,False
502,VietMode RP-05,Outdoor,Activewear,M,blue,4678.334594594594,4099.624605243243,False
503,HanoiStreet UM-30,Streetwear,Balanced,L,green,6985.37,6636.1015,False
504,BambooCraft UM-02,Streetwear,Balanced,S,white,11978.285094339622,7438.515043584906,False
505,LotusWear UE-48,Streetwear,Performance,XL,silver,14014.35,13313.6325,False
506,MekongFit RP-51,Outdoor,Activewear,M,purple,3028.62,2877.189,False
507,MekongFit RP-55,Outdoor,Activewear,M,yellow,2555.2866666666664,2320.7113506666665,False
508,LotusWear RP-09,Outdoor,Activewear,M,black,46.92027483880587,27.07182375234705,False
509,VietMotion UR-06,Streetwear,Standard,XL,blue,29.25040142053348,17.5720842733407,False
510,VietMode UE-15,Streetwear,Performance,M,purple,8188.74,4606.985124,False
511,SaigonFlex UC-46,Streetwear,Everyday,M,black,8907.554838709679,8272.446178709677,False
512,MekongFit RP-23,Outdoor,Activewear,M,silver,4317.599357798164,4101.719389908256,False
513,SaigonFlex UM-78,Streetwear,Balanced,M,blue,18458.3,13679.446129999998,False
514,PhoenixWear UE-22,Streetwear,Performance,M,yellow,6603.962565789473,3515.949670026316,False
515,VietMotion UE-07,Streetwear,Performance,M,blue,999999999.0,18.38636752042886,False
516,VietMode RP-46,Outdoor,Activewear,L,white,32.404005878884256,19.324109605400498,False
517,SaigonCore UC-03,Streetwear,Everyday,M,silver,5696.857894736842,3744.544694210525,False
518,SaigonFlex UM-06,Streetwear,Balanced,M,black,13211.57028169014,7279.575225211268,False
519,DragonWear MA-21,Casual,All-weather,M,black,5165.071578947369,4456.423758315789,False
520,SaigonFlex UC-61,Streetwear,Everyday,S,green,9577.146989690722,5842.05966371134,False
521,NamStyle YY-30,GenZ,Trendy,XL,yellow,53.0756828692648,32.3762756107979,False
522,VietMode RP-72,Outdoor,Activewear,S,red,4469.5675862068965,3598.001906896552,False
523,MekongFit RP-08,Outdoor,Activewear,L,orange,1800.4956652868125,1710.470882022472,False
524,HanoiStreet RS-03,Outdoor,Premium,XL,yellow,37.96643159775866,24.16319721561676,False
525,PhoenixWear UR-01,Streetwear,Standard,M,purple,6173.37,4869.554255999999,False
526,VietMotion RS-10,Outdoor,Premium,M,silver,3358.794231856739,3190.8545202639016,False
527,LotusWear UC-05,Streetwear,Everyday,XL,black,12281.85,7574.216895,False
528,SaigonFlex UM-70,Streetwear,Balanced,M,purple,14179.444183976262,13470.471974777449,False
529,VietMotion UM-05,Streetwear,Balanced,L,red,9669.87,7081.245801000001,False
530,MekongFit UE-20,Unknown,Performance,S,white,4321.471553899082,5095.771317,True
531,MekongFit UC-28,Streetwear,Everyday,L,green,6689.096277372263,5573.355018306569,False
532,VietMotion UR-19,Streetwear,Standard,S,green,42.50611410259488,26.61319664232815,False
533,SaigonCore UE-21,Streetwear,Performance,L,green,7948.03935483871,7430.62199283871,False
534,HanoiStreet UC-34,Streetwear,Everyday,XL,black,15434.37,14662.6515,False
535,PhoenixWear UM-07,Streetwear,Balanced,S,green,6892.438965517242,6547.817017241379,False
536,DragonWear MA-41,Casual,All-weather,M,black,10143.0,8305.0884,False
537,UrbanVN UE-10,Streetwear,Performance,L,red,6047.043575129534,5297.814876170984,False
538,HanoiStreet RP-40,Outdoor,Activewear,S,orange,32.45663063646928,18.534885335820807,False
539,DragonWear UR-40,Streetwear,Standard,M,yellow,24.725951184208856,15.543585995353366,False
540,MekongFit MA-05,Casual,All-weather,XL,silver,2653.821219512195,1379.987034146341,False
541,SaigonCore UR-07,Streetwear,Standard,M,black,10076.85,8257.978575000001,False
542,BambooCraft UM-19,Streetwear,Balanced,M,black,11652.151690140843,7134.61247987324,False
543,SaigonCore UR-01,Streetwear,Standard,XL,purple,6236.369999999999,4906.775916,False
544,UrbanVN UE-23,Streetwear,Performance,XL,blue,27.093590379955067,15.639253025192934,False
545,MekongFit UC-26,Streetwear,Everyday,S,white,44.49543643977257,27.68624827776821,False
546,SaigonFlex UE-19,Streetwear,Performance,XL,black,7557.783882352941,7179.894688235294,False
547,SaigonFlex UC-63,Streetwear,Everyday,L,pink,11489.45256880734,7924.275436706423,False
548,SaigonFlex UC-04,Streetwear,Everyday,XL,yellow,10586.428125,10057.10671875,False
549,VietMode RP-28,Outdoor,Activewear,S,green,4004.843365384615,2924.7371097403843,False
550,HanoiStreet UM-04,Streetwear,Balanced,S,red,12599.37,11653.157313000002,False
551,LotusWear UE-49,Streetwear,Performance,S,pink,44.73576139954138,26.734316490441223,False
552,NamStyle YY-29,GenZ,Trendy,L,pink,1889.37,1718.382015,False
553,BambooCraft UC-19,Streetwear,Everyday,S,red,18.330955787804072,11.306689593388796,False
554,HanoiStreet UM-23,Streetwear,Balanced,XL,yellow,9597.8685,7830.90090915,False
555,LotusWear UE-73,Streetwear,Performance,S,orange,12596.85,11250.246735,False
556,LotusWear UR-09,Streetwear,Standard,M,silver,6401.85,3225.892215,False
557,HanoiStreet RP-32,Outdoor,Activewear,S,white,3275.3700000000003,2282.277816,False
558,SaigonCore YY-19,GenZ,Trendy,S,white,29.97651796328568,18.82480659753188,False
559,UrbanVN MA-09,Casual,All-weather,S,green,3559.9503011292345,3381.9527860727726,False
560,VietMode RP-89,Outdoor,Activewear,M,silver,5669.37,5385.9015,False
561,VietMode RS-57,Outdoor,Premium,XL,yellow,21.887223637481146,13.792733185674388,False
562,MekongFit MA-07,Casual,All-weather,M,yellow,3141.3003370786514,2842.562675022472,False
563,VietMode RP-96,Outdoor,Activewear,S,white,4245.681176470588,3142.653206823529,False
564,NamStyle YY-31,GenZ,Trendy,S,red,3527.37,2218.362993,False
565,DragonWear UE-07,Streetwear,Performance,XL,yellow,37.8074197316877,21.77489391602548,False
566,MekongFit RP-20,Outdoor,Activewear,L,white,2834.37,2536.477713,False
567,VietMotion RP-44,Outdoor,Activewear,XL,silver,1574.37,850.1597999999999,False
568,DragonWear MA-29,Casual,All-weather,M,yellow,6293.7,5979.014999999999,False
569,HanoiStreet RP-13,Outdoor,Activewear,M,purple,1341.3127118644063,1274.2470762711862,False
570,VietMode RP-26,Outdoor,Activewear,L,white,22.899930378810343,14.009827586880482,False
571,SaigonFlex UC-20,Streetwear,Everyday,XL,purple,11836.938926174498,7837.237263020134,False
572,VietMotion UC-25,Streetwear,Everyday,M,silver,10451.7,9744.11991,False
573,SaigonCore YY-29,GenZ,Trendy,L,white,3023.3700000000003,2052.86823,False
574,VietMode RP-08,Outdoor,Activewear,S,green,5668.74,4769.677836,False
575,UrbanVN RP-09,Outdoor,Activewear,L,white,1609.9115094339622,1337.8364643396226,False
576,VietMotion RS-14,Outdoor,Premium,M,black,33.18498384851216,18.641028152283216,False
577,VietMotion RP-34,Outdoor,Activewear,M,silver,2193.0293107221005,1336.6513648851203,False
578,LotusWear UE-53,Streetwear,Performance,S,orange,11613.773076923078,9075.002282307692,False
579,LotusWear UE-58,Streetwear,Performance,M,silver,18896.85,11857.773375,False
580,BambooCraft UM-11,Streetwear,Balanced,M,blue,9675.597272727273,9191.817409090909,False
581,UrbanVN UE-09,Streetwear,Performance,M,yellow,5425.358472622478,5021.169266412104,False
582,DragonWear MA-24,Casual,All-weather,S,white,23.83396923282398,13.26920629437508,False
583,VietMotion MA-08,Casual,All-weather,L,white,79.51305112548167,51.55608462187102,False
584,MekongFit MA-03,Casual,All-weather,M,purple,2541.87,1871.578881,False
585,MekongFit UM-04,Streetwear,Balanced,XL,silver,9359.509534883722,8891.534058139536,False
586,VietMode RS-11,Outdoor,Premium,M,blue,44.12457583127853,24.311630156991555,False
587,MekongFit UC-24,Streetwear,Everyday,L,orange,35.82852967556213,20.57694152770872,False
588,DragonWear UM-22,Streetwear,Balanced,XL,purple,22.423899496901825,12.829182552408856,False
589,BambooCraft UC-09,Streetwear,Everyday,L,red,29.35780741888176,17.312837837634,False
590,VietMode RS-59,Outdoor,Premium,M,black,20.50869295740109,12.950880933751266,False
591,HanoiStreet UR-22,Streetwear,Standard,S,green,6929.369999999999,6582.901499999999,False
592,MekongFit RP-52,Outdoor,Activewear,L,green,3028.62,2278.430826,False
593,MekongFit MA-02,Casual,All-weather,S,white,3432.87,3261.2265,False
594,LotusWear UE-67,Streetwear,Performance,L,green,12596.85,11967.0075,False
595,SaigonFlex UM-69,Streetwear,Balanced,S,white,7809.460209424084,4229.603649424084,False
596,VietMode RP-09,Outdoor,Activewear,M,silver,3944.035454545454,3586.7058423636363,False
597,UrbanVN UR-12,Streetwear,Standard,M,yellow,31.164697443076804,19.79334418747074,False
598,SaigonFlex UM-21,Streetwear,Balanced,S,green,10765.597500000002,9498.48667425,False
599,SaigonCore YY-07,GenZ,Trendy,S,orange,1103.37,1048.2015,False
600,PhoenixWear UR-18,Streetwear,Standard,L,orange,6299.37,5456.514294,False
601,SaigonFlex UC-85,Streetwear,Everyday,S,red,30.15483325288156,17.16017393108335,False
602,VietMode RP-43,Outdoor,Activewear,XL,black,4603.797692307692,4373.607807692308,False
603,VietMotion UC-27,Streetwear,Everyday,XL,yellow,2324.005436893204,2207.805165048544,False
604,BambooCraft UC-07,Streetwear,Everyday,S,pink,10940.58,10050.016788,False
605,VietMotion UC-24,Streetwear,Everyday,S,green,8381.717836456559,7962.63194463373,False
606,VietMotion RP-36,Outdoor,Activewear,XL,yellow,1546.0695505617975,1225.1055118651684,False
607,VietMotion RP-48,Outdoor,Activewear,XL,black,1511.37,1150.605981,False
608,VietMode RP-14,Outdoor,Activewear,L,orange,27.004227841229177,15.330704640302349,False
609,UrbanVN RS-07,Outdoor,Premium,S,pink,68.89499310332668,43.71237967432158,False
610,PhoenixWear UE-01,Streetwear,Performance,S,pink,7739.005135135135,4210.018793513513,False
611,VietMotion RP-22,Outdoor,Activewear,M,purple,768.1824234158624,444.8544414001259,False
612,SaigonCore YY-35,GenZ,Trendy,S,red,3968.37,2471.103999,False
613,DragonWear MA-34,Casual,All-weather,L,white,27.428556473975345,15.21116985645254,False
614,SaigonFlex UC-93,Streetwear,Everyday,S,pink,11516.4,9278.76348,False
615,PhoenixWear UM-11,Streetwear,Balanced,S,red,6667.367225806452,3474.365061367742,False
616,VietMode RP-92,Outdoor,Activewear,S,red,34.87214848020078,19.34780740187828,False
617,DragonWear RP-04,Outdoor,Activewear,M,yellow,786.87,401.854509,False
618,SaigonFlex UM-73,Streetwear,Balanced,S,pink,17.409337603805483,10.048922339220054,False
619,DragonWear UC-03,Streetwear,Everyday,XL,black,9513.0,9029.7396,False
620,SaigonFlex UC-92,Streetwear,Everyday,XL,silver,11006.55,7708.987620000001,False
621,VietMode RS-53,Outdoor,Premium,XL,purple,3167.8994117647057,3009.50444117647,False
622,SaigonCore UE-01,Streetwear,Performance,L,green,8892.502867132867,5203.892677846154,False
623,NamStyle YY-22,GenZ,Trendy,XL,black,1386.882,1076.913873,False
624,VietMode RS-67,Outdoor,Premium,M,yellow,2770.74,1718.690022,False
625,UrbanVN UR-21,Streetwear,Standard,L,pink,26.160590454431023,16.16205503879573,False
626,SaigonFlex UM-26,Streetwear,Balanced,M,black,21110.51634146341,17857.385773243903,False
627,PhoenixWear UM-15,Streetwear,Balanced,S,white,10854.356301369864,6990.205458082193,False
628,SaigonFlex UM-49,Streetwear,Balanced,S,white,13238.5575,12576.629625,False
629,VietMode RP-07,Outdoor,Activewear,XL,purple,5668.74,3382.537158,False
630,SaigonCore UE-12,Streetwear,Performance,M,silver,7626.910344827586,6550.753295172413,False
631,DragonWear MA-27,Casual,All-weather,XL,silver,5077.2825,4735.0736595,False
632,HanoiStreet UE-25,Streetwear,Performance,S,green,10079.37,9575.4015,False
633,LotusWear UR-47,Streetwear,Standard,XL,purple,9446.85,7969.362660000002,False
634,SaigonFlex UC-12,Streetwear,Everyday,XL,silver,6544.421470588235,4298.376021882353,False
635,SaigonFlex UC-64,Streetwear,Everyday,XL,yellow,10648.856285414482,10116.413471143758,False
636,HanoiStreet UE-21,Streetwear,Performance,S,orange,25.583614760726004,14.429448269570385,False
637,VietMode UE-09,Streetwear,Performance,XL,yellow,10719.602068965518,10183.62196551724,False
638,HanoiStreet RS-19,Outdoor,Premium,XL,purple,26.29131187726292,14.947992451948688,False
639,VietMode RP-38,Outdoor,Activewear,L,green,56.72233329541727,33.4896615147602,False
640,VietMotion UE-24,Streetwear,Performance,L,red,4649.896261682243,4417.401448598131,False
641,VietMode UE-17,Streetwear,Performance,XL,silver,8819.221764705884,8378.260676470589,False
642,LotusWear UR-44,Streetwear,Standard,S,orange,7556.850000000001,5834.643885,False
643,MekongFit UC-09,Streetwear,Everyday,XL,silver,8323.85076923077,7907.658230769231,False
644,MekongFit MA-04,Casual,All-weather,L,green,1243.62,1007.580924,False
645,LotusWear UR-25,Streetwear,Standard,M,blue,8816.85,5025.6045,False
646,HanoiStreet UE-34,Streetwear,Performance,M,purple,3806.7319302949054,3616.395333780161,False
647,VietMotion RP-40,Outdoor,Activewear,XL,blue,33.74929298567648,19.65960461747709,False
648,SaigonFlex UC-44,Streetwear,Everyday,XL,yellow,15941.109130434785,14039.334811173912,False
649,VietMode RP-52,Outdoor,Activewear,S,red,4556.323333333333,3423.1657203333334,False
650,VietMode RP-41,Outdoor,Activewear,M,yellow,1802.115,1575.769356,False
651,HanoiStreet RP-45,Outdoor,Activewear,M,silver,890.4549377123442,566.9526588414495,False
652,DragonWear MA-04,Casual,All-weather,S,white,9610.756521739131,5604.032127826088,False
653,VietMotion MA-09,Casual,All-weather,XL,purple,23.96706714819649,14.162940493047364,False
654,VietMode RP-50,Outdoor,Activewear,L,pink,5479.74,5205.753,False
655,VietMode RS-52,Outdoor,Premium,L,white,26.786471161475475,16.63188205441279,False
656,DragonWear UE-04,Streetwear,Performance,S,green,9216.9,7344.947609999999,False
657,SaigonCore YY-54,GenZ,Trendy,XL,yellow,1885.747736131934,1552.1589616101946,False
658,SaigonFlex UC-26,Streetwear,Everyday,M,black,8951.670000000002,7753.936554000001,False
659,VietMotion MA-13,Casual,All-weather,XL,yellow,2387.299419873636,2267.9344488799543,False
660,VietMode RP-73,Outdoor,Activewear,M,black,5051.437674418605,4798.865790697674,False
661,VietMotion MA-04,Casual,All-weather,L,red,46.94272561574726,27.68491556165356,False
662,UrbanVN UE-24,Streetwear,Performance,S,white,6479.721271860095,5307.5396937806045,False
663,SaigonFlex UC-40,Streetwear,Everyday,XL,purple,11157.957055214723,10600.059202453987,False
664,DragonWear RP-12,Outdoor,Activewear,M,silver,3676.279090909091,3492.465136363636,False
665,UrbanVN UC-14,Streetwear,Everyday,XL,yellow,6564.18724137931,6235.977879310344,False
666,VietMode MP-05,Casual,Activewear,M,silver,69.37887580587473,41.75971276363685,False
667,UrbanVN RP-32,Outdoor,Activewear,M,silver,82.12784702062984,50.64712843407366,False
668,PhoenixWear UC-09,Streetwear,Everyday,XL,yellow,9154.692580645162,7143.40662067742,False
669,SaigonFlex UM-33,Streetwear,Balanced,S,pink,14291.702003988035,13021.1696958335,False
670,MekongFit MA-11,Casual,All-weather,M,blue,3460.8919000381534,3287.8473050362454,False
671,VietMode RP-62,Outdoor,Activewear,L,red,5983.8530769230765,3805.7305569230766,False
672,VietMode RP-01,Outdoor,Activewear,M,yellow,3195.99,3036.1905,False
673,UrbanVN UR-07,Streetwear,Standard,S,white,5358.403536585365,3888.593446500001,False
674,DragonWear UR-32,Streetwear,Standard,M,black,51.19184483471268,30.34536424775848,False
675,DragonWear RP-19,Outdoor,Activewear,S,white,3779.37,3590.4015,False
676,SaigonFlex UC-62,Streetwear,Everyday,M,silver,60.89870697563103,38.963323338682926,False
677,VietMode RP-59,Outdoor,Activewear,XL,silver,16.2568100410919,9.291864520911869,False
678,VietMotion RP-06,Outdoor,Activewear,M,yellow,41.60579529070704,24.931348582041373,False
679,SaigonCore YY-04,GenZ,Trendy,M,yellow,2719.3949999999995,2583.42525,False
680,VietMode RP-42,Outdoor,Activewear,L,red,1802.115,1309.056336,False
681,HanoiStreet YY-15,GenZ,Trendy,L,white,1038.87,951.397146,False
682,HanoiStreet RS-09,Outdoor,Premium,M,purple,2267.37,1983.268539,False
683,SaigonFlex UC-50,Streetwear,Everyday,M,purple,10129.728957654725,8328.663148983715,False
684,LotusWear UE-24,Streetwear,Performance,XL,blue,88.70327802926064,52.23998262488708,False
685,DragonWear MA-38,Casual,All-weather,L,pink,5355.0,4705.974,False
686,HanoiStreet RP-18,Outdoor,Activewear,L,red,3782.677086614173,2712.936006519685,False
687,LotusWear UR-08,Streetwear,Standard,S,green,6434.257407407407,5945.253844444444,False
688,VietMode RS-20,Outdoor,Premium,L,orange,32.38777123197503,18.06777241654719,False
689,VietMotion RP-07,Outdoor,Activewear,L,red,1290.87,907.997958,False
690,HanoiStreet MA-08,Casual,All-weather,M,black,32.86451541320264,19.68138564352252,False
691,MekongFit MA-01,Casual,All-weather,XL,blue,4535.037107001321,2953.2161640792606,False
692,SaigonFlex UC-89,Streetwear,Everyday,S,white,45.01401526716507,26.88267126437134,False
693,LotusWear RP-04,Outdoor,Activewear,S,green,27.854003961988106,17.563816142326093,False
694,SaigonCore UE-22,Streetwear,Performance,XL,silver,9128.7,8672.265,False
695,MekongFit RP-33,Outdoor,Activewear,XL,silver,3432.87,2542.726809,False
696,SaigonCore UR-11,Streetwear,Standard,M,purple,2235.9309677419355,2124.134419354839,False
697,LotusWear UE-70,Streetwear,Performance,M,yellow,6296.85,5735.170980000001,False
698,MekongFit UR-17,Streetwear,Standard,S,red,33.25127873001165,20.9799477652166,False
699,MekongFit UE-24,Streetwear,Performance,S,pink,5589.408461538462,5309.938038461539,False
700,VietMode RP-33,Outdoor,Activewear,M,black,4865.717011173184,4089.6351478910615,False
701,VietMode RS-92,Outdoor,Premium,L,white,37.50596780635181,23.590122972054488,False
702,LotusWear UE-09,Streetwear,Performance,S,pink,36.70893391230743,20.80032217120737,False
703,VietMotion UC-29,Streetwear,Everyday,M,black,7536.502486388385,7159.677362068965,False
704,DragonWear MA-06,Casual,All-weather,L,green,26.430276201873458,16.408370301165643,False
705,SaigonFlex UM-25,Streetwear,Balanced,S,red,14672.77455621302,13939.135828402366,False
706,MekongStyle UC-10,Streetwear,Everyday,L,pink,32.93714703716061,18.18035175845804,False
707,VietMode RP-09,Outdoor,Activewear,M,silver,2317.901162207358,1762.0684635100336,False
708,MekongFit RS-08,Outdoor,Premium,S,red,2225.38025390625,2045.792067416016,False
709,VietMode MP-04,Casual,Activewear,S,green,5794.74,4156.567002,False
710,HanoiStreet UM-29,Streetwear,Balanced,M,purple,46.644709743829566,29.34289561026984,False
711,UrbanVN MA-04,Casual,All-weather,XL,black,28.20535380725444,16.135633097849695,False
712,VietMode RP-84,Outdoor,Activewear,S,orange,3652.74,2041.516386,False
713,SaigonCore UR-03,Streetwear,Standard,M,silver,6307.371940298507,3885.971852417911,False
714,VietMode RP-45,Outdoor,Activewear,M,blue,4981.022208588956,3912.592944846626,False
715,UrbanVN UC-31,Streetwear,Everyday,S,green,37.99472429809594,20.946498813866302,False
716,VietMotion RP-51,Outdoor,Activewear,L,white,715.600871757925,486.6801528825648,False
717,VietMotion RS-11,Outdoor,Premium,L,pink,26.056050101685983,15.585484607536555,False
718,VietMode RP-52,Outdoor,Activewear,S,red,5669.054999999999,3895.2076905,False
719,HanoiStreet UE-33,Streetwear,Performance,S,white,3853.8245454545454,3304.6545477272725,False
720,SaigonFlex UC-49,Streetwear,Everyday,S,white,7436.313925233644,4666.286988084112,False
721,VietMotion RP-55,Outdoor,Activewear,L,pink,40.93238959023979,23.207673945338502,False
722,MekongStyle UC-01,Streetwear,Everyday,M,yellow,14486.85,13762.5075,False
723,LotusWear UE-01,Streetwear,Performance,S,red,34.03621789696054,21.34381341794018,False
724,DragonWear UE-03,Streetwear,Performance,XL,purple,7553.7,7176.014999999999,False
725,DragonWear MA-22,Casual,All-weather,L,orange,6615.0,3489.4125000000004,False
726,BambooCraft UM-08,Streetwear,Balanced,L,red,10134.107704918031,9627.402319672132,False
727,SaigonFlex UM-02,Streetwear,Balanced,M,silver,17955.91601226994,17058.120211656442,False
728,HanoiStreet YY-03,GenZ,Trendy,L,orange,3419.9325,2547.50771925,False
729,HanoiStreet RP-68,Outdoor,Activewear,S,red,3997.024412721359,2058.4675725515,False
730,HanoiStreet RP-44,Outdoor,Activewear,S,green,23.03407255575496,14.123480298959194,False
731,HanoiStreet RP-34,Outdoor,Activewear,L,green,2645.37,2343.79782,False
732,VietMode RP-35,Outdoor,Activewear,XL,blue,1348.7798230088497,1048.8111903716815,False
733,SaigonCore UR-10,Streetwear,Standard,S,white,6828.570000000001,5400.033156,False
734,SaigonFlex UC-66,Streetwear,Everyday,M,black,15754.49563106796,14966.770849514562,False
735,SaigonFlex UC-31,Streetwear,Everyday,L,green,11783.942843326886,9612.16217730174,False
736,MekongFit UE-13,Streetwear,Performance,M,silver,3193.262400806994,3033.599280766644,False
737,PhoenixWear UR-19,Streetwear,Standard,XL,blue,5280.81502617801,4593.780991272251,False
738,UrbanVN RP-14,Outdoor,Activewear,XL,yellow,3527.37,1932.99876,False
739,DragonWear UR-31,Streetwear,Standard,S,red,8757.0,8319.15,False
740,HanoiStreet RP-05,Outdoor,Activewear,M,silver,2046.87,1742.909805,False
741,SaigonFlex UM-85,Streetwear,Balanced,S,red,45.27382942735669,25.31523330168555,False
742,PhoenixWear RP-01,Outdoor,Activewear,S,pink,34.07713034376433,22.047603610788848,False
743,VietMotion YY-16,GenZ,Trendy,XL,silver,936.0128571428572,826.4057515714287,False
744,MekongStyle UC-11,Streetwear,Everyday,XL,yellow,21.6913947894699,12.156093169488374,False
745,VietMode MA-26,Casual,All-weather,L,red,41.08175137687927,24.342964395115114,False
746,SaigonCore UR-06,Streetwear,Standard,S,red,8561.7,6144.73209,False
747,VietMode RP-20,Outdoor,Activewear,S,pink,4448.666249999999,3015.750850875,False
748,HanoiStreet UE-26,Streetwear,Performance,M,silver,38.26586487306465,24.36949350141491,False
749,VietMode RP-03,Outdoor,Activewear,XL,black,4566.24,4337.928,False
750,VietMode MA-37,Casual,All-weather,M,black,6171.255906040268,4382.208818879195,False
751,SaigonFlex UC-02,Streetwear,Everyday,M,silver,9523.076012658228,5393.87025356962,False
752,HanoiStreet UC-41,Streetwear,Everyday,L,pink,9462.733636363637,7198.301477181818,False
753,VietMotion MA-02,Casual,All-weather,S,pink,24.36288761072888,14.955221775848312,False
754,UrbanVN UE-18,Streetwear,Performance,L,pink,3259.523492647059,1700.4934061139704,False
755,VietMode RP-27,Outdoor,Activewear,XL,purple,4912.74,3845.692872,False
756,UrbanVN RP-21,Outdoor,Activewear,L,green,3369.87,2625.465717,False
757,DragonWear UR-11,Streetwear,Standard,S,red,52.15532346340829,33.81794706998278,False
758,SaigonFlex UE-03,Streetwear,Performance,XL,purple,6514.160126582279,3614.7074542405057,False
759,NamStyle YY-08,GenZ,Trendy,M,silver,2834.37,2279.683791,False
760,VietMode RP-90,Outdoor,Activewear,L,pink,4178.16,3876.496848,False
761,SaigonFlex UC-51,Streetwear,Everyday,L,green,9634.396153846154,5513.764918846154,False
762,DragonWear UC-04,Streetwear,Everyday,S,orange,37.55095959605123,21.336185365589483,False
763,UrbanVN RP-28,Outdoor,Activewear,M,blue,52.32643105341463,33.32104375919796,False
764,HanoiStreet UE-44,Streetwear,Performance,XL,purple,9448.74,7307.655516,False
765,MekongFit RP-34,Outdoor,Activewear,S,pink,3432.87,2650.17564,False
766,BambooCraft UC-13,Streetwear,Everyday,L,white,8725.29,4900.122864000001,False
767,VietMode RP-98,Outdoor,Activewear,L,green,27.91732801988607,15.370607052345465,False
768,BambooCraft UC-12,Streetwear,Everyday,M,blue,8686.73842105263,7189.144717263159,False
769,SaigonCore UE-05,Streetwear,Performance,L,red,7559.37,4246.098129,False
770,VietMotion UC-05,Streetwear,Everyday,M,silver,37.69900071080301,21.51816079899328,False
771,VietMotion YY-06,GenZ,Trendy,M,silver,22.51159738539337,12.926260556590194,False
772,MekongFit RP-53,Outdoor,Activewear,XL,silver,1920.87,1824.8265,False
773,VietMode RS-70,Outdoor,Premium,S,orange,5039.37,4028.472378,False
774,HanoiStreet UM-02,Streetwear,Balanced,L,pink,21.57732512939597,12.363826367646892,False
775,MekongStyle UC-05,Streetwear,Everyday,M,blue,12136.393255813957,8029.437778046513,False
776,DragonWear UM-51,Streetwear,Balanced,S,white,59.22913883606159,37.57821971780847,False
777,VietMode MA-25,Casual,All-weather,M,yellow,5669.370000000001,5385.901500000001,False
778,MekongFit RS-04,Outdoor,Premium,S,green,3151.464301221167,1908.2116343894168,False
779,VietMotion YY-13,GenZ,Trendy,S,white,3296.847272727273,2940.1283978181823,False
780,VietMode RP-42,Outdoor,Activewear,L,red,5038.74,2568.245778,False
781,SaigonFlex UC-42,Streetwear,Everyday,M,silver,12288.258347826088,9234.626148391304,False
782,VietMode RP-78,Outdoor,Activewear,L,green,4156.74,3322.482282,False
783,HanoiStreet UC-28,Streetwear,Everyday,M,purple,6039.659921465968,3816.461104374345,False
784,HanoiStreet YY-02,GenZ,Trendy,M,black,4904.031105815062,3874.6749767044807,False
785,LotusWear UM-05,Streetwear,Balanced,XL,silver,9546.096575342466,5405.954490616439,False
786,VietMode RP-14,Outdoor,Activewear,L,orange,6298.74,5983.803,False
787,HanoiStreet RP-65,Outdoor,Activewear,M,silver,1477.4889495225102,1403.6145020463846,False
788,DragonWear MA-35,Casual,All-weather,XL,purple,5669.37,3727.043838,False
789,LotusWear UE-32,Streetwear,Performance,XL,black,7633.679268292683,6058.087867317074,False
790,DragonWear YY-02,GenZ,Trendy,L,pink,6293.7,3768.03819,False
791,VietMode RP-31,Outdoor,Activewear,XL,yellow,4534.74,4308.003,False
792,HanoiStreet RS-01,Outdoor,Premium,M,silver,3792.839178082192,3178.399231232877,False
793,SaigonCore YY-57,GenZ,Trendy,L,orange,2656.232068965517,1842.62818624138,False
794,UrbanVN UC-26,Streetwear,Everyday,XL,black,2019.996121076233,1168.1637568183855,False
795,NamStyle YY-11,GenZ,Trendy,S,red,1301.63582278481,745.4468357088607,False
796,HanoiStreet UE-17,Streetwear,Performance,S,pink,2601.282045889101,2461.3330718202674,False
797,VietMotion RP-62,Outdoor,Activewear,M,purple,30.53219942488464,17.552089060732616,False
798,MekongFit UC-12,Streetwear,Everyday,L,red,7044.87,6692.626499999999,False
799,VietMotion RP-17,Outdoor,Activewear,S,red,17.270209532795405,10.267666749032566,False
800,SaigonFlex UC-20,Streetwear,Everyday,XL,purple,10520.478996539792,9994.455046712805,False
801,UrbanVN RP-10,Outdoor,Activewear,XL,purple,1609.9115094339622,1048.696357245283,False
802,LotusWear UE-36,Streetwear,Performance,XL,purple,37.36068457495183,21.87719413339984,False
803,LotusWear UE-03,Streetwear,Performance,L,orange,11147.85,10315.105605,False
804,VietMode RP-17,Outdoor,Activewear,M,purple,19.76703478014193,11.639933279269748,False
805,VietMotion UC-22,Streetwear,Everyday,L,white,7830.721535836178,5726.606659156997,False
806,PhoenixWear UR-16,Streetwear,Standard,S,red,6611.85,4492.09089,False
807,LotusWear UR-26,Streetwear,Standard,L,white,10076.85,8442.38493,False
808,VietMode RP-27,Outdoor,Activewear,XL,purple,4004.843365384615,3125.3797623461537,False
809,HanoiStreet UR-30,Streetwear,Standard,S,white,39.54850017556203,24.50433225008864,False
810,LotusWear UE-12,Streetwear,Performance,XL,black,9887.85,9393.4575,False
811,HanoiStreet UM-14,Streetwear,Balanced,L,red,44.0621085973863,27.30215489435084,False
812,SaigonFlex UE-13,Streetwear,Performance,M,purple,6289.682000000001,3754.3111858,False
813,SaigonFlex UM-96,Unknown,Balanced,XL,black,4321.471553899082,10507.076517446809,True
814,HanoiStreet UR-19,Streetwear,Standard,M,blue,47.80569519896546,30.92599485473374,False
815,PhoenixWear MA-01,Casual,All-weather,L,orange,6299.37,3167.323236,False
816,MekongFit UE-06,Streetwear,Performance,L,red,5606.37,3703.568022,False
817,VietMotion RP-35,Outdoor,Activewear,L,pink,1546.0695505617975,846.4730789325843,False
818,VietMotion UE-01,Streetwear,Performance,XL,silver,7343.27605427975,6976.112251565762,False
819,SaigonFlex UM-08,Streetwear,Balanced,XL,blue,13752.81,7730.454500999999,False
820,VietMotion MA-07,Casual,All-weather,M,blue,9177.035294117648,5596.156122352942,False
821,DragonWear UM-47,Streetwear,Balanced,S,red,37.95726000127293,24.56236402951228,False
822,VietMode RS-78,Outdoor,Premium,S,red,4786.74,4547.402999999999,False
823,VietMode RP-21,Outdoor,Activewear,M,yellow,1652.259512195122,1569.6465365853658,False
824,VietMode RP-18,Outdoor,Activewear,L,green,4781.390943396226,4542.321396226414,False
825,SaigonFlex UC-33,Streetwear,Everyday,S,pink,16826.67,12741.154524,False
826,SaigonFlex UM-22,Streetwear,Balanced,M,silver,11199.107872340424,8260.461966638297,False
827,PhoenixWear UE-11,Streetwear,Performance,L,pink,40.66252770930223,24.70865195616299,False
828,SaigonFlex UC-00,Streetwear,Everyday,XL,purple,10745.220588235294,9205.430477941176,False
829,HanoiStreet UE-16,Streetwear,Performance,XL,silver,7343.25255526658,6976.089927503251,False
830,VietMode RP-16,Outdoor,Activewear,S,white,4011.274505119454,2500.227399040956,False
831,VietMode RS-13,Outdoor,Premium,XL,purple,3356.7945283018867,3188.954801886792,False
832,BambooCraft UM-01,Streetwear,Balanced,XL,blue,10115.099166666669,6342.1671775,False
833,BambooCraft UM-18,Streetwear,Balanced,S,red,11356.870000000004,6008.919917,False
834,VietMotion RP-50,Outdoor,Activewear,M,blue,1621.5537476099423,1250.8665609063096,False
835,LotusWear UR-29,Streetwear,Standard,M,silver,7052.85,5494.17015,False
836,HanoiStreet UM-08,Streetwear,Balanced,S,white,5543.37,4445.228403,False
837,UrbanVN RP-29,Outdoor,Activewear,L,white,37.91696218405503,22.57856459219544,False
838,LotusWear UE-07,Streetwear,Performance,L,green,5761.350000000001,3392.28288,False
839,SaigonFlex UE-08,Streetwear,Performance,S,red,7367.85,6999.4575,False
840,SaigonFlex UM-79,Streetwear,Balanced,L,white,36.743197912068986,21.535092385273764,False
841,VietMode RP-57,Outdoor,Activewear,M,purple,2802.24,1672.096608,False
842,NamStyle YY-35,GenZ,Trendy,S,white,66.8289478002943,42.504028768524,False
843,UrbanVN UR-08,Streetwear,Standard,M,purple,3684.87,2645.368173,False
844,HanoiStreet RP-78,Outdoor,Activewear,L,red,2708.37,1879.337943,False
845,MekongFit UR-11,Streetwear,Standard,L,white,58.93937160374784,37.65487971621282,False
846,HanoiStreet UE-20,Streetwear,Performance,XL,black,38.26954499465669,23.97053437683893,False
847,BambooCraft UC-15,Streetwear,Everyday,S,green,8833.75888888889,7271.950317333333,False
848,PhoenixWear UE-18,Streetwear,Performance,M,purple,7994.642727272727,6223.829363181818,False
849,IndigoViet UM-05,Streetwear,Balanced,XL,blue,12468.703333333337,11003.630691666667,False
850,VietMode MA-04,Casual,All-weather,S,pink,21.48555391895704,13.27856271342186,False
851,HanoiStreet RP-69,Outdoor,Activewear,M,black,1274.5818688060406,845.3026953921661,False
852,HanoiStreet RP-02,Outdoor,Activewear,L,white,1952.0120454545447,1350.7923354545455,False
853,SaigonCore UC-09,Streetwear,Everyday,XL,blue,5351.85,4369.2503400000005,False
854,SaigonFlex UC-34,Streetwear,Everyday,M,yellow,12601.622727272726,11971.54159090909,False
855,VietMode RP-82,Outdoor,Activewear,L,red,4912.74,3997.005264,False
856,VietMode RP-61,Outdoor,Activewear,M,yellow,5963.987647058823,4995.436053176471,False
857,MekongFit UM-19,Streetwear,Balanced,L,orange,8326.33408839779,7398.780470950277,False
858,VietMode RS-81,Outdoor,Premium,XL,blue,5070.87,4513.0743,False
859,HanoiStreet RP-15,Outdoor,Activewear,XL,silver,818.37,681.129351,False
860,LotusWear UR-01,Streetwear,Standard,M,yellow,6513.15,4765.02054,False
861,VietMotion UR-27,Streetwear,Standard,S,white,23.80275002527921,14.728869703292052,False
862,VietMotion UC-14,Streetwear,Everyday,L,green,5124.649910554562,4868.417415026834,False
863,HanoiStreet YY-22,GenZ,Trendy,M,black,17.927831391666206,10.41671895241332,False
864,LotusWear UE-27,Streetwear,Performance,L,green,14648.60675675676,7768.156163108108,False
865,VietMode RP-72,Outdoor,Activewear,S,red,3967.74,3769.353,False
866,DragonWear UM-14,Streetwear,Balanced,XL,silver,40.02615711874029,25.413390272717606,False
867,UrbanVN RP-31,Outdoor,Activewear,S,green,42.65364555812609,25.544613933627417,False
868,HanoiStreet UM-33,Streetwear,Balanced,M,yellow,4137.985384615385,3139.075712769231,False
869,VietMode MA-41,Casual,All-weather,M,purple,5114.97,3436.748343,False
870,SaigonCore YY-56,GenZ,Trendy,M,black,1259.37,828.1617120000001,False
871,UrbanVN MA-03,Casual,All-weather,L,red,43.64364128670683,27.031484530585928,False
872,DragonWear RP-05,Outdoor,Activewear,L,red,52.83177583040088,29.251218367433875,False
873,HanoiStreet UR-11,Streetwear,Standard,M,purple,46.81960744428506,28.15117157705557,False
874,DragonWear UM-30,Streetwear,Balanced,XL,blue,10425.177091172214,7115.183364725037,False
875,DragonWear UM-19,Streetwear,Balanced,S,orange,11626.60103626943,9137.345754404145,False
876,VietMotion RP-63,Outdoor,Activewear,L,green,38.415397252680165,23.49925547126347,False
877,UrbanVN UE-01,Streetwear,Performance,M,black,8922.087391304349,8475.983021739132,False
878,VietMode RP-88,Outdoor,Activewear,S,green,4629.24,2849.29722,False
879,VietMotion RP-56,Outdoor,Activewear,XL,yellow,58.94633467839673,35.48436098598768,False
880,HanoiStreet RP-36,Outdoor,Activewear,S,pink,23.43905602971568,13.879954859732678,False
881,SaigonFlex UE-10,Streetwear,Performance,L,orange,30.74527762642181,17.734071800396872,False
882,DragonWear UM-42,Streetwear,Balanced,XL,purple,10818.745208023774,9215.40716819465,False
883,VietMotion UM-12,Streetwear,Balanced,M,silver,50.47715313856764,31.794464597878992,False
884,HanoiStreet UC-01,Streetwear,Everyday,L,pink,18.82298104757963,12.133510917425138,False
885,BambooCraft UM-06,Streetwear,Balanced,S,pink,14247.512493297589,13535.136868632708,False
886,MekongFit UC-08,Streetwear,Everyday,L,green,6110.37,5286.081087,False
887,VietMotion UM-03,Streetwear,Balanced,S,pink,41.44278538358636,24.9855947736624,False
888,VietMode MA-36,Casual,All-weather,S,red,5420.109130434782,3545.293382217392,False
889,VietMode RS-07,Outdoor,Premium,M,yellow,5039.37,2522.708622,False
890,LotusWear UE-28,Streetwear,Performance,XL,silver,13856.85,8174.155815000001,False
891,SaigonCore YY-13,GenZ,Trendy,L,pink,2515.8053649635035,2390.015096715328,False
892,UrbanVN UR-02,Streetwear,Standard,XL,yellow,8126.369999999999,5654.328245999999,False
893,VietMotion UR-02,Streetwear,Standard,XL,yellow,45.85131388256831,28.627305678763328,False
894,SaigonCore RP-08,Outdoor,Activewear,XL,yellow,64.75266933041797,38.898448915717616,False
895,SaigonCore UR-09,Streetwear,Standard,XL,blue,5743.991359223301,5456.791791262135,False
896,UrbanVN RP-07,Outdoor,Activewear,S,orange,5291.37,2847.286197,False
897,SaigonFlex UM-92,Streetwear,Balanced,XL,silver,13019.79912189546,11027.769856245455,False
898,DragonWear UM-01,Streetwear,Balanced,L,white,13273.377049180328,8752.464826229509,False
899,VietMotion RS-16,Outdoor,Premium,XL,blue,27.659626182375,17.10904235714284,False
900,HanoiStreet RP-14,Outdoor,Activewear,L,green,1341.3127118644063,1274.2470762711862,False
901,VietMotion UC-31,Streetwear,Everyday,XL,blue,48.06297103310155,30.72507952736204,False
902,SaigonFlex UC-36,Streetwear,Everyday,XL,black,11194.626315789474,7866.463912105264,False
903,PhoenixWear MA-06,Casual,All-weather,XL,silver,7874.37,5049.046044,False
904,MekongFit UM-13,Streetwear,Balanced,S,green,9134.37,8677.6515,False
905,SaigonFlex UM-77,Streetwear,Balanced,S,orange,11541.579742765272,10964.500755627008,False
906,VietMode MP-21,Casual,Activewear,M,blue,5353.74,4589.225928,False
907,LotusWear UE-63,Streetwear,Performance,L,orange,8412.978526645767,7352.101934435736,False
908,SaigonFlex UE-11,Streetwear,Performance,XL,blue,6819.422254335261,6351.609887687862,False
909,DragonWear UR-14,Streetwear,Standard,XL,blue,5549.752173913043,3170.018441739131,False
910,SaigonFlex UC-48,Streetwear,Everyday,XL,blue,10477.884955752212,6262.6318380530965,False
911,SaigonFlex UM-55,Streetwear,Balanced,L,red,20605.7840625,17102.800771874998,False
912,SaigonFlex UM-29,Streetwear,Balanced,S,white,20475.451545064378,12027.280237570814,False
913,BambooCraft UC-11,Streetwear,Everyday,S,orange,10488.371582278482,9963.953003164555,False
914,SaigonFlex UC-22,Streetwear,Everyday,M,silver,11020.21447260834,10469.203748977923,False
915,VietMode MA-24,Casual,All-weather,S,pink,8377.74,7154.589959999999,False
916,LotusWear UC-04,Streetwear,Everyday,L,red,16691.85,12462.13521,False
917,UrbanVN UC-25,Streetwear,Everyday,L,red,4301.704266090053,3533.8500545929787,False
918,HanoiStreet UC-16,Streetwear,Everyday,M,blue,30.25584774884125,17.459877222806806,False
919,HanoiStreet YY-11,GenZ,Trendy,L,red,31.28216747612525,18.74300640602044,False
920,HanoiStreet YY-26,GenZ,Trendy,M,purple,37.82331096677837,20.8467737611827,False
921,VietMode MA-34,Casual,All-weather,L,pink,4444.02,3357.4571100000003,False
922,SaigonCore YY-09,GenZ,Trendy,L,white,6265.98,4713.270156,False
923,SaigonFlex UC-68,Streetwear,Everyday,XL,blue,11026.336363636365,8163.899443636364,False
924,IndigoViet UM-12,Streetwear,Balanced,L,red,15511.570819672132,10377.240878360655,False
925,MekongStyle UM-02,Streetwear,Balanced,S,pink,13423.977329842932,12210.449779225131,False
926,VietMode RS-49,Outdoor,Premium,XL,black,22.32505480131664,12.39480631628554,False
927,VietMode RP-12,Outdoor,Activewear,S,red,2622.8902649006623,2491.745751655629,False
928,SaigonFlex UC-82,Streetwear,Everyday,M,silver,10151.263043478262,6680.546208913043,False
929,SaigonFlex UC-41,Streetwear,Everyday,S,green,18775.840588235293,12572.302857882352,False
930,UrbanVN RP-30,Outdoor,Activewear,XL,purple,28.047088630409924,16.87199549783042,False
931,SaigonFlex UM-94,Streetwear,Balanced,M,yellow,10349.290430769232,7115.137171153847,False
932,PhoenixWear UM-01,Streetwear,Balanced,L,red,10835.37,10293.6015,False
933,VietMotion YY-04,GenZ,Trendy,XL,purple,1987.569124423963,1152.392578341014,False
934,VietMode RP-53,Outdoor,Activewear,M,black,22.29044412150247,14.060468749588775,False
935,VietMode RS-05,Outdoor,Premium,XL,silver,4999.05,4046.23107,False
936,VietMode UR-01,Streetwear,Standard,S,pink,5164.74,2678.950638,False
937,SaigonCore YY-40,GenZ,Trendy,M,purple,1211.1452442996742,735.5285068631921,False
938,UrbanVN MA-12,Casual,All-weather,XL,yellow,24.307770829746094,14.033506952292084,False
939,VietMotion MA-05,Casual,All-weather,XL,black,35.63530294659231,20.57659080145137,False
940,VietMode RS-48,Outdoor,Premium,L,red,48.523922715489945,31.23102656172188,False
941,VietMode MA-18,Casual,All-weather,L,orange,34.15630935276042,21.75166857374073,False
942,SaigonCore YY-27,GenZ,Trendy,S,orange,4371.085384615384,3285.307775076923,False
943,HanoiStreet UR-26,Streetwear,Standard,S,red,54.9687289874747,32.410892958162094,False
944,SaigonFlex UM-45,Streetwear,Balanced,S,red,19538.72371179039,12420.766663585153,False
945,LotusWear UE-55,Streetwear,Performance,L,white,25196.85,23937.0075,False
946,UrbanVN UR-39,Streetwear,Standard,S,green,2521.250597014925,2395.18806716418,False
947,SaigonFlex UC-53,Streetwear,Everyday,S,pink,6694.905,5116.246400999999,False
948,SaigonFlex UC-45,Streetwear,Everyday,S,red,26.44547294094096,16.0250054413446,False
949,LotusWear UE-56,Streetwear,Performance,XL,purple,10391.85,9872.2575,False
950,SaigonFlex UC-46,Streetwear,Everyday,M,black,16696.35,14125.112099999997,False
951,MekongFit UC-04,Streetwear,Everyday,L,orange,7253.09891566265,6218.081700397591,False
952,VietMode RP-23,Outdoor,Activewear,XL,black,5140.902162162162,4883.857054054054,False
953,VietMode RP-09,Outdoor,Activewear,M,silver,3778.74,1940.760864,False
954,SaigonFlex UM-58,Streetwear,Balanced,M,blue,20.23986700354174,12.789779049149818,False
955,LotusWear UE-26,Streetwear,Performance,M,purple,18589.783333333333,11094.382693333331,False
956,MekongStyle UC-12,Streetwear,Everyday,S,red,13324.978153846156,9943.0986984,False
957,DragonWear UM-44,Streetwear,Balanced,M,silver,23.89515899746957,13.852857629498953,False
958,LotusWear UR-48,Streetwear,Standard,S,green,5749.060762331839,3331.5807117713007,False
959,VietMode RS-89,Outdoor,Premium,XL,black,6002.08875,5701.9843125,False
960,HanoiStreet RP-59,Outdoor,Activewear,XL,black,2015.37,1914.6015,False
961,VietMotion RP-59,Outdoor,Activewear,L,orange,3918.239568919638,3722.327590473656,False
962,DragonWear MA-03,Casual,All-weather,XL,blue,10831.3771884655,10289.808329042224,False
963,HanoiStreet UC-22,Streetwear,Everyday,XL,yellow,10276.115901639345,6593.155962491804,False
964,MekongFit RP-38,Outdoor,Activewear,S,orange,2116.288125,1846.673017875,False
965,HanoiStreet UR-08,Streetwear,Standard,L,orange,2246.328984375,1699.7971424765624,False
966,HanoiStreet UM-25,Streetwear,Balanced,M,black,18.06653099279958,10.506212312054467,False
967,VietMode MP-27,Casual,Activewear,XL,yellow,4603.34,2585.235744,False
968,SaigonFlex UM-24,Streetwear,Balanced,XL,yellow,18774.585398230087,12475.711997123895,False
969,VietMode RP-04,Outdoor,Activewear,S,orange,3054.87,1714.0875569999998,False
970,SaigonCore UR-02,Streetwear,Standard,S,green,5663.7,5380.514999999999,False
971,PhoenixWear UR-07,Streetwear,Standard,XL,black,5354.37,2739.295692,False
972,LotusWear UR-51,Streetwear,Standard,XL,yellow,8186.85,6045.988725,False
973,VietMode RP-71,Outdoor,Activewear,XL,yellow,4469.5675862068965,2982.5424502758624,False
974,PhoenixWear UR-20,Streetwear,Standard,S,white,5279.316428571428,3096.847017,False
975,HanoiStreet RP-62,Outdoor,Activewear,L,white,22.39813960537897,14.35504051332829,False
976,VietMotion UR-13,Streetwear,Standard,L,red,23.87213136046396,14.637945799481171,False
977,VietMode RS-66,Outdoor,Premium,S,pink,30.314076032980378,18.62368813667098,False
978,VietMode RS-46,Outdoor,Premium,S,pink,5496.296966292135,5221.482117977528,False
979,VietMotion UR-10,Streetwear,Standard,XL,silver,3338.37,1819.41165,False
980,VietMode RS-31,Outdoor,Premium,M,blue,31.955745234205093,19.778896568978755,False
981,VietMode RS-44,Outdoor,Premium,L,green,21.678361372038967,13.454622364557114,False
982,DragonWear UM-53,Streetwear,Balanced,L,green,29.7889424731643,17.33448492430065,False
983,VietMode RP-63,Outdoor,Activewear,XL,black,3202.949302325581,2458.9041793953493,False
984,HanoiStreet RP-03,Outdoor,Activewear,XL,purple,1855.6303211009167,1707.7365845091742,False
985,VietMode RS-55,Outdoor,Premium,M,silver,4535.37,3411.9588510000003,False
986,VietMode RP-28,Outdoor,Activewear,S,green,18.1513115308442,10.116081543475204,False
987,VietMode RP-51,Outdoor,Activewear,XL,yellow,4629.24,2730.788676,False
988,SaigonFlex UC-15,Streetwear,Everyday,L,red,5184.6242217898825,3404.7427264494163,False
989,VietMotion UC-33,Streetwear,Everyday,M,purple,9105.602557856271,6343.873302058465,False
990,MekongFit RP-29,Outdoor,Activewear,XL,blue,14.6545400126499,8.117653156054045,False
991,DragonWear UM-15,Streetwear,Balanced,S,pink,10710.0,5994.387,False
992,PhoenixWear UR-05,Streetwear,Standard,M,yellow,41.216511987760136,26.26251651454432,False
993,VietMode MA-27,Casual,All-weather,XL,black,21.86968733954577,12.784877049431191,False
994,HanoiStreet UR-15,Streetwear,Standard,M,yellow,25.499741298868727,14.500270459666716,False
995,SaigonFlex UC-14,Streetwear,Everyday,M,yellow,10084.343684210527,9580.1265,False
996,HanoiStreet UE-24,Streetwear,Performance,XL,purple,6677.37,6343.501499999999,False
997,LotusWear UR-11,Streetwear,Standard,XL,yellow,4799.280167597765,4433.575018826817,False
998,MekongFit RP-06,Outdoor,Activewear,S,red,1979.360663900415,1361.8001367634854,False
999,SaigonFlex UC-10,Streetwear,Everyday,M,purple,8950.095000000001,8502.590250000001,False
1000,BambooCraft UM-05,Streetwear,Balanced,XL,silver,11388.249310344829,5870.642519482759,False
